MEDIA_ID,MEDIA_NAME,CNT,TIME(2025/03/27 12:54:45.623),TIMETICK(f=10000000),FPOGX,FPOGY,FPOGS,FPOGD,FPOGID,FPOGV,BPOGX,BPOGY,BPOGV,CX,CY,CS,USER,LPCX,LPCY,LPD,LPS,LPV,RPCX,RPCY,RPD,RPS,RPV,BKID,BKDUR,BKPMIN,
0,NewMedia,9,0.14760,506408001423,0.66516,0.32295,0.00000,0.14759,1,1,0.68428,0.27372,1,0.48385,0.23519,0,,0.49414,0.41297,9.51186,0.98494,1,0.83947,0.37552,11.48385,0.98827,1,0,0.00000,17,
0,NewMedia,41,0.67350,506413260446,0.48992,0.16849,0.21350,0.46000,2,1,0.57641,0.30590,1,0.59583,0.81389,0,,0.48685,0.40625,8.43995,0.96904,1,0.83212,0.37084,11.39421,0.96708,1,0,0.00000,17,
0,NewMedia,68,1.11696,506417695106,0.58863,0.32079,0.73895,0.37802,3,1,0.58609,0.26303,1,0.62083,0.99259,0,,0.48721,0.41139,9.69961,0.99554,1,0.83174,0.37080,11.36211,0.99887,1,0,0.00000,17,
0,NewMedia,86,1.41256,506420650992,0.60432,0.33716,1.13332,0.27924,4,1,0.62881,0.39074,1,0.62031,0.98333,0,,0.48762,0.41212,8.90412,0.95391,1,0.83243,0.37347,10.70406,0.95195,1,0,0.00000,17,
0,NewMedia,90,1.47858,506421311266,0.59812,0.34138,1.42899,0.04960,5,1,0.58129,0.33741,1,0.62187,0.98333,0,,0.48684,0.41332,9.17661,0.96400,0,0.43677,0.46391,4.84785,0.97238,1,0,0.00000,17,
0,NewMedia,131,2.15194,506428044819,0.60109,0.33130,1.88909,0.26285,6,1,0.53734,0.67164,1,0.62344,0.98333,0,,0.48061,0.41725,8.79125,0.97133,1,0.82445,0.37527,11.06135,0.97466,1,0,0.00000,17,
0,NewMedia,177,2.90757,506435601099,0.56113,0.18347,2.61181,0.29575,7,1,0.53948,0.29921,1,0.55833,0.44722,0,,0.48268,0.41382,8.21130,0.97007,1,0.82672,0.37064,9.43375,0.96860,1,0,0.00000,18,
0,NewMedia,186,3.05537,506437079130,0.53699,0.32391,2.92428,0.13109,8,1,0.50234,0.40898,0,0.55833,0.44722,0,,0.48266,0.41353,7.97868,0.94510,0,0.82670,0.37313,7.48914,0.94843,0,491,0.00000,18,
0,NewMedia,220,3.61423,506442667789,0.48714,0.18097,3.36749,0.24676,9,1,0.36822,0.10672,1,0.55833,0.44722,0,,0.47990,0.40546,8.33467,0.96981,1,0.82467,0.36737,10.92306,0.97289,1,0,0.00000,19,
0,NewMedia,237,3.89315,506445456909,0.46629,0.12674,3.67973,0.21342,10,1,0.61340,0.19294,1,0.55833,0.44722,0,,0.83262,0.37208,10.60840,0.94455,1,0.82694,0.36861,11.27070,0.94258,0,0,0.00000,18,
0,NewMedia,256,4.20557,506448581118,0.55687,0.29803,3.95923,0.24635,11,1,0.49992,0.33805,1,0.55833,0.44722,0,,0.48585,0.41279,8.28304,0.93550,1,0.83000,0.37251,10.96065,0.94388,1,0,0.00000,18,
0,NewMedia,282,4.63343,506452859719,0.20261,0.22841,4.32059,0.31284,12,1,0.18431,0.27235,0,0.55833,0.44722,0,,0.47203,0.40661,7.59700,0.92468,0,0.81707,0.36724,7.00885,0.92272,0,492,0.00000,18,
0,NewMedia,317,5.20757,506458601148,0.36915,0.16131,4.99426,0.21331,13,1,0.62420,0.15022,1,0.55833,0.44722,0,,0.82743,0.37009,10.11600,0.96168,1,0.81730,0.36474,11.24008,0.97438,0,0,0.00000,18,
0,NewMedia,343,5.63475,506462872950,0.56210,0.21433,5.27330,0.36145,14,1,0.58690,0.64977,1,0.55833,0.44722,0,,0.48431,0.40967,8.42383,0.93400,0,0.82817,0.38029,10.76314,0.94238,1,0,0.00000,18,
0,NewMedia,361,5.93049,506465830401,0.56468,0.70053,5.70051,0.22998,15,1,0.58798,0.78365,1,0.55833,0.44722,0,,0.49106,0.42183,8.11103,0.95108,1,0.83737,0.38105,10.79138,0.94912,1,0,0.00000,18,
0,NewMedia,414,6.80123,506474537704,0.30976,0.16711,6.53833,0.26290,16,1,0.22216,0.21394,1,0.55833,0.44722,0,,0.47037,0.40160,7.91530,0.94028,1,0.81560,0.35816,11.29856,0.94335,1,0,0.00000,18,
0,NewMedia,444,7.29420,506479467468,0.22455,0.14349,6.81783,0.47637,17,1,0.24268,0.03950,1,0.55833,0.44722,0,,0.45540,0.39068,7.58792,0.91141,1,0.80227,0.34242,10.54442,0.91881,1,0,0.00000,18,
0,NewMedia,461,7.57339,506482259345,0.18018,0.10582,7.31054,0.26286,18,1,0.23378,0.14284,1,0.55833,0.44722,0,,0.46941,0.39271,8.05739,0.88394,1,0.81516,0.34876,10.57591,0.88247,1,0,0.00000,18,
0,NewMedia,476,7.81965,506484721883,0.14215,0.20911,7.58972,0.22993,19,1,0.20464,0.06326,1,0.55833,0.44722,0,,0.48622,0.37165,8.39407,0.89801,1,0.83332,0.32534,11.15572,0.90086,1,0,0.00000,18,
0,NewMedia,501,8.23084,506488833811,0.20906,0.16695,7.88551,0.34533,20,1,0.20997,0.11025,1,0.40729,0.41296,0,,0.47570,0.35691,8.44041,0.92870,1,0.82273,0.28483,11.38469,0.93178,1,0,0.00000,18,
0,NewMedia,524,8.60839,506492609334,0.22166,0.09041,8.29635,0.31204,21,1,0.21282,0.13053,1,0.27292,0.13981,0,,0.45892,0.36199,8.96424,0.88438,1,0.80587,0.28944,11.91366,0.89178,1,0,0.00000,18,
0,NewMedia,545,8.95329,506496058298,0.21179,0.09271,8.62475,0.32854,22,1,0.19028,0.01953,1,0.19844,0.07315,0,,0.47701,0.36939,9.37431,0.92870,1,0.82412,0.30416,11.88829,0.93178,1,0,0.00000,18,
0,NewMedia,610,10.02115,506506736931,0.22423,0.10654,8.96964,1.05152,23,1,0.33662,0.03984,1,0.20104,0.11204,0,,0.47273,0.36866,9.31583,0.92222,1,0.82138,0.30548,12.01179,0.92962,1,0,0.00000,18,
0,NewMedia,632,10.38259,506510351324,0.57817,0.00722,10.08682,0.29577,24,1,1.26036,0.70056,1,0.20104,0.11204,0,,0.48533,0.36541,7.85550,0.93120,1,0.86391,0.32184,10.56372,0.92470,1,0,0.00000,18,
0,NewMedia,655,10.76066,506514132001,0.25243,0.14541,10.44843,0.31223,25,1,0.50193,0.34671,1,0.20104,0.11204,0,,0.46869,0.37722,10.02935,0.88914,1,0.81561,0.31253,12.92140,0.89654,1,0,0.00000,18,
0,NewMedia,663,10.89282,506515453646,0.54490,0.26810,10.82612,0.06670,26,1,0.55028,0.25785,0,0.20104,0.11204,0,,0.46896,0.38099,9.97838,0.91658,0,0.81714,0.31261,11.99450,0.91511,0,494,0.00000,18,
0,NewMedia,695,11.41763,506520701578,0.64567,0.28312,11.20419,0.21344,27,1,1.50601,0.83456,1,0.20104,0.11204,0,,0.42521,0.38079,2.12447,0.96073,1,0.82337,0.32112,9.88845,0.95876,1,0,0.00000,18,
0,NewMedia,705,11.58183,506522343684,0.44552,0.81125,11.48343,0.09840,28,1,0.45345,0.81115,0,0.20104,0.11204,0,,0.47681,0.38893,6.85359,0.92643,0,0.82377,0.32723,10.80120,0.92496,0,495,0.00000,18,
0,NewMedia,763,12.53477,506531873096,0.55841,0.21819,12.18970,0.34506,29,1,0.57323,0.17708,1,0.20104,0.11204,0,,0.48859,0.37250,8.06197,0.94095,1,0.83690,0.31287,10.76183,0.93898,1,0,0.00000,19,
0,NewMedia,789,12.96181,506536143550,0.58118,-0.11056,12.89604,0.06577,30,1,0.57351,0.18561,1,0.20104,0.11204,0,,0.48302,0.37322,8.31998,0.95037,1,0.83097,0.31243,10.72987,0.94841,1,0,0.00000,20,
0,NewMedia,810,13.30664,506539591834,0.57433,0.20892,13.02750,0.27914,31,1,0.56856,0.17475,1,0.20104,0.11204,0,,0.48008,0.37380,8.74127,0.95114,1,0.82761,0.31070,11.45537,0.94968,1,0,0.00000,20,
0,NewMedia,855,14.04615,506546986887,0.45398,0.02063,13.71750,0.32865,32,1,0.35061,0.12862,1,0.20104,0.11204,0,,0.46221,0.37139,8.32085,0.90715,1,0.80921,0.30521,10.87744,0.91023,1,0,0.00000,21,
0,NewMedia,863,14.17752,506548300626,0.36086,0.01372,14.06248,0.11504,33,1,0.37045,-0.03894,0,0.20104,0.11204,0,,0.46221,0.36931,8.32085,0.96904,0,0.81024,0.30222,11.31141,0.96708,0,498,0.00000,21,
0,NewMedia,920,15.11378,506557663283,0.65932,0.60101,14.88392,0.22987,34,1,0.60576,0.54285,1,0.20104,0.11204,0,,0.48843,0.38145,9.34192,0.91962,1,0.83654,0.32272,11.88654,0.92269,1,0,0.00000,22,
0,NewMedia,942,15.47547,506561280110,0.64183,0.68056,15.17976,0.29571,35,1,0.60470,0.07270,1,0.20104,0.11204,0,,0.48782,0.36351,8.34853,0.93951,1,0.83545,0.30327,10.65635,0.93804,1,0,0.00000,22,
0,NewMedia,958,15.73820,506563907471,0.59430,0.07498,15.54099,0.19722,36,1,0.61244,-0.00431,1,0.20104,0.11204,0,,0.48625,0.36119,8.38285,0.95896,1,0.83552,0.30080,10.89290,0.95699,1,0,0.00000,22,
0,NewMedia,996,16.36244,506570149863,1.01275,-0.15727,15.85315,0.50929,37,1,0.94345,-0.00130,1,0.20104,0.11204,0,,0.46877,0.37753,12.52272,0.82324,1,0.83236,0.34550,12.01576,0.78502,1,0,0.00000,22,
0,NewMedia,1039,17.06886,506577213885,0.18197,0.64883,17.01957,0.04928,38,1,0.21767,0.52270,1,0.20104,0.11204,0,,0.46914,0.37629,8.98289,0.93112,1,0.81824,0.31563,13.19864,0.94382,1,0,0.00000,23,
0,NewMedia,1066,17.51263,506581651738,0.45433,0.71598,17.28264,0.23000,39,1,0.47779,0.78483,1,0.20104,0.11204,0,,0.48519,0.38622,7.85698,0.94636,1,0.83363,0.32567,11.13052,0.95473,1,0,0.00000,23,
0,NewMedia,1082,17.77525,506584277937,0.54197,0.77859,17.52896,0.24629,40,1,0.69894,0.73644,1,0.20104,0.11204,0,,0.49328,0.38507,8.85744,0.93475,1,0.84126,0.32755,11.30027,0.93782,1,0,0.00000,23,
0,NewMedia,1090,17.90692,506585594631,0.67170,0.77177,17.84113,0.06580,41,1,0.60439,0.84207,1,0.20104,0.11204,0,,0.49119,0.38234,8.69881,0.96981,1,0.84047,0.32398,12.68845,0.96785,1,0,0.00000,23,
0,NewMedia,1134,18.62951,506592820515,0.45158,0.56340,18.36670,0.26280,42,1,0.51630,0.61295,1,0.20104,0.11204,0,,0.48033,0.37863,8.61900,0.91774,1,0.82960,0.31784,11.21049,0.92081,1,0,0.00000,24,
0,NewMedia,1176,19.31956,506599721088,0.21978,0.85089,18.84341,0.47615,43,1,0.29405,0.89972,1,0.20104,0.11204,0,,0.46857,0.38701,8.84654,0.91368,1,0.81687,0.32437,11.26473,0.91676,1,0,0.00000,24,
0,NewMedia,1181,19.40171,506600542482,0.29870,0.92757,19.33611,0.06560,44,1,0.42641,1.16823,1,0.20104,0.11204,0,,0.47058,0.38851,7.17011,0.93282,1,0.82089,0.32594,11.43875,0.94022,1,0,0.00000,24,
0,NewMedia,1201,19.73060,506603831500,0.96859,1.00799,19.51691,0.21369,45,1,0.76025,0.76624,1,0.20104,0.11204,0,,0.48818,0.38482,8.92076,0.92716,1,0.83572,0.32350,11.90580,0.92065,1,0,0.00000,23,
0,NewMedia,1223,20.09164,506607441857,0.40250,0.11552,19.84539,0.24625,46,1,0.40649,0.06048,1,0.20104,0.11204,0,,0.47428,0.36641,9.21981,0.91674,1,0.82340,0.30586,10.99916,0.91477,1,0,0.00000,23,
0,NewMedia,1241,20.38806,506610406004,0.44387,0.03339,20.10810,0.27996,47,1,0.48363,0.04041,1,0.20104,0.11204,0,,0.47854,0.36677,8.98714,0.90074,1,0.82773,0.30607,11.12022,0.90407,1,0,0.00000,23,
0,NewMedia,1266,20.79802,506614505577,0.55974,0.02431,20.40384,0.39417,48,1,0.62476,0.00077,1,0.20104,0.11204,0,,0.48552,0.36620,9.18573,0.92566,1,0.83515,0.30631,10.59764,0.92420,1,0,0.00000,23,
0,NewMedia,1279,21.01188,506616644223,0.52812,0.13566,20.81451,0.19736,49,1,0.35662,0.39276,1,0.20104,0.11204,0,,0.47564,0.37770,8.42561,0.94079,1,0.82452,0.31610,11.09513,0.93428,1,0,0.00000,22,
0,NewMedia,1291,21.20876,506618613052,0.25446,0.42481,21.07747,0.13129,50,1,-0.26089,0.26130,0,0.20104,0.11204,0,,0.45315,0.37479,27.15934,0.92212,0,0.81503,0.31254,20.56420,0.92065,0,501,0.00000,22,
0,NewMedia,1322,21.71799,506623705370,0.52768,0.69413,21.52090,0.19710,51,1,1.43692,2.16299,1,0.20104,0.11204,0,,0.47012,0.38003,8.41713,0.94383,1,0.84295,0.34890,7.42661,0.94691,1,0,0.00000,23,
0,NewMedia,1345,22.09602,506627485617,0.23201,0.20145,21.78373,0.31229,52,1,0.28922,0.00705,1,0.20104,0.11204,0,,0.46609,0.36562,8.46953,0.92870,1,0.81516,0.30312,11.51177,0.93178,1,0,0.00000,22,
0,NewMedia,1360,22.34241,506629949470,0.28811,-0.09198,22.16168,0.18073,53,1,0.58130,-1.40346,0,0.20104,0.11204,0,,0.47956,0.35563,8.73852,0.90211,0,0.84175,0.28113,26.50262,0.90951,0,502,0.00000,22,
0,NewMedia,1410,23.16375,506638162877,0.41132,0.04201,22.70374,0.46001,54,1,0.41809,0.04200,1,0.20104,0.11204,0,,0.47060,0.35535,9.09481,0.90349,1,0.82345,0.29333,11.05298,0.90152,1,0,0.00000,23,
0,NewMedia,1437,23.60733,506642598743,0.48022,0.05244,23.18015,0.42718,55,1,0.46117,0.04086,1,0.20104,0.11204,0,,0.47047,0.35532,9.67894,0.91141,1,0.82307,0.29186,11.84356,0.90995,1,0,0.00000,23,
0,NewMedia,1473,24.19870,506648512413,0.33520,0.07915,23.67295,0.52575,56,1,0.35744,0.08072,1,0.32240,0.10370,0,,0.46279,0.35886,10.06849,0.90914,1,0.81513,0.29511,12.22537,0.90768,1,0,0.00000,22,
0,NewMedia,1496,24.57658,506652291231,0.37694,0.06985,24.21519,0.36139,57,1,0.40988,0.01752,1,0.34323,0.10648,0,,0.46108,0.36052,10.61365,0.92278,1,0.81304,0.29502,12.13837,0.91627,1,0,0.00000,22,
0,NewMedia,1521,24.98759,506656401329,0.43836,0.09117,24.59305,0.39455,58,1,0.37033,0.18120,1,0.34323,0.10648,0,,0.46202,0.36632,11.40235,0.88028,1,0.81381,0.30060,12.75581,0.88335,1,0,0.00000,22,
0,NewMedia,1546,25.39821,506660507548,0.36400,0.13352,25.00401,0.39422,59,1,0.35678,0.07491,1,0.34323,0.10648,0,,0.46047,0.36309,10.38275,0.91219,1,0.81377,0.30235,13.00922,0.91959,1,0,0.00000,21,
0,NewMedia,1559,25.61183,506662643734,0.19767,0.29443,25.41462,0.19721,60,1,-1.19158,1.86850,1,0.34323,0.10648,0,,0.44406,0.38400,24.17257,0.91097,0,0.80097,0.33441,7.12961,0.91837,1,0,0.00000,21,
0,NewMedia,1656,27.20510,506678576388,0.35212,0.15288,26.31808,0.88702,61,1,0.35643,0.12582,1,0.35000,0.17500,0,,0.44129,0.36445,8.79179,0.92870,1,0.79316,0.29168,11.09532,0.93178,1,0,0.00000,22,
0,NewMedia,1675,27.51743,506681699623,0.34335,0.19931,27.22164,0.29578,62,1,0.32658,0.20793,1,0.35208,0.19352,0,,0.44129,0.36548,9.58834,0.89280,1,0.79373,0.29592,12.42081,0.89588,1,0,0.00000,21,
0,NewMedia,1714,28.15806,506688105976,0.33766,0.20322,27.53367,0.62439,63,1,0.30884,0.21941,1,0.34271,0.22315,0,,0.43981,0.36924,10.24505,0.91002,1,0.79206,0.29477,11.94257,0.91742,1,0,0.00000,20,
0,NewMedia,1739,28.56879,506692213360,0.33743,0.23142,28.17442,0.39439,64,1,0.34374,0.15867,1,0.34271,0.22315,0,,0.44169,0.36547,8.93104,0.92870,1,0.79508,0.29730,11.99133,0.93178,1,0,0.00000,20,
0,NewMedia,1755,28.83190,506694844419,0.29828,0.23789,28.58516,0.24674,65,1,0.22403,0.29202,1,0.34271,0.22315,0,,0.44093,0.36815,7.85631,0.89779,1,0.79475,0.30027,11.55561,0.90064,1,0,0.00000,20,
0,NewMedia,1774,29.14393,506697964724,0.21775,0.29695,28.84826,0.29566,66,1,0.29143,0.33752,1,0.34271,0.22315,0,,0.43828,0.37005,6.98811,0.88892,1,0.79283,0.29785,10.50692,0.88746,1,0,0.00000,20,
0,NewMedia,1811,29.75172,506704042645,0.55326,0.26970,29.25893,0.49278,67,1,0.56210,0.20350,1,0.34271,0.22315,0,,0.45727,0.36711,9.09195,0.90958,1,0.80981,0.29795,10.72643,0.91266,1,0,0.00000,20,
0,NewMedia,1828,30.03082,506706833524,0.57185,0.22753,29.76794,0.26288,68,1,0.45328,0.28531,1,0.34271,0.22315,0,,0.45362,0.36749,7.43929,0.91203,1,0.80373,0.29726,10.22638,0.91057,1,0,0.00000,20,
0,NewMedia,1850,30.39240,506710449408,0.24445,0.25938,30.14585,0.24655,69,1,0.27934,0.10333,1,0.34271,0.22315,0,,0.44077,0.36517,9.00690,0.93086,1,0.79275,0.29440,11.84997,0.93394,1,0,0.00000,20,
0,NewMedia,1870,30.72089,506713734394,0.27410,0.11828,30.45812,0.26277,70,1,0.29544,0.06784,1,0.34271,0.22315,0,,0.43816,0.36404,8.92962,0.89691,1,0.79047,0.29198,11.26368,0.89544,1,0,0.00000,20,
0,NewMedia,1889,31.03295,506716854992,0.24221,0.08872,30.73730,0.29565,71,1,0.22580,0.17314,1,0.28021,0.19259,0,,0.43357,0.36301,8.58926,0.85052,1,0.78621,0.29023,11.56224,0.85338,1,0,0.00000,20,
0,NewMedia,1935,31.78876,506724413083,0.23190,0.12165,31.04961,0.73915,72,1,0.23742,0.13937,1,0.21250,0.11944,0,,0.43461,0.36497,9.42029,0.83399,1,0.78755,0.29184,11.83088,0.84059,1,0,0.00000,20,
0,NewMedia,1954,32.10088,506727534281,0.29593,0.09303,31.80511,0.29578,73,1,0.34760,0.07277,1,0.21250,0.11944,0,,0.44306,0.36526,10.49212,0.87551,1,0.79562,0.29332,11.88299,0.88291,1,0,0.00000,20,
0,NewMedia,1967,32.31466,506729672074,0.26963,0.24599,32.11736,0.19730,74,1,0.19078,0.50727,1,0.21250,0.11944,0,,0.43971,0.37723,10.24219,0.89801,1,0.79137,0.30501,12.65903,0.90540,1,0,0.00000,19,
0,NewMedia,1985,32.61051,506732630508,0.15907,0.55553,32.38041,0.23010,75,1,0.17310,0.44602,1,0.21250,0.11944,0,,0.43950,0.37533,9.01223,0.90599,1,0.79099,0.30085,11.82736,0.90453,1,0,0.00000,19,
0,NewMedia,2006,32.95538,506736079192,0.21229,0.14220,32.67588,0.27950,76,1,0.22077,0.15089,1,0.21250,0.11944,0,,0.43862,0.36510,8.33901,0.88244,1,0.79119,0.29339,10.89281,0.88552,1,0,0.00000,19,
0,NewMedia,2024,33.25082,506739033637,0.25502,0.14361,32.97161,0.27921,77,1,0.33742,0.18047,1,0.21250,0.11944,0,,0.44126,0.36735,8.43082,0.88438,1,0.79423,0.29566,11.02419,0.89178,1,0,0.00000,19,
0,NewMedia,2037,33.46459,506741171289,0.45835,0.23933,33.26737,0.19722,78,1,0.57283,0.30336,1,0.21250,0.11944,0,,0.45198,0.37394,9.10128,0.91558,1,0.80410,0.30451,11.25062,0.91865,1,0,0.00000,19,
0,NewMedia,2052,33.71093,506743634775,0.55620,0.33993,33.48098,0.22995,79,1,0.49167,0.69566,1,0.21250,0.11944,0,,0.45065,0.38370,8.12847,0.87962,1,0.80234,0.31249,10.32993,0.88269,1,0,0.00000,19,
0,NewMedia,2067,33.95725,506746097931,0.49006,0.75524,33.77674,0.18051,80,1,0.47803,0.68312,0,0.21250,0.11944,0,,0.44918,0.38422,7.98157,0.93243,0,0.80245,0.31616,7.78088,0.93528,0,504,0.00000,19,
0,NewMedia,2094,34.40101,506750535477,0.68017,0.55046,34.26957,0.13144,81,1,0.66141,0.40336,0,0.21250,0.11944,0,,0.45637,0.38197,8.08819,0.92920,0,0.80965,0.31616,8.73627,0.92724,0,0,0.00000,20,
0,NewMedia,2126,34.92684,506755793892,0.62421,0.52893,34.66360,0.26324,82,1,0.51316,-0.11808,0,0.21250,0.11944,0,,0.45931,0.38166,7.32697,0.92870,0,0.81184,0.30613,9.13081,0.93178,0,0,0.00000,20,
0,NewMedia,2161,35.50173,506761542749,0.48094,0.39998,35.28814,0.21359,83,1,0.41806,0.64616,1,0.21250,0.11944,0,,0.45197,0.38132,7.71809,0.92416,1,0.80557,0.31005,10.60563,0.92269,1,0,0.00000,20,
0,NewMedia,2183,35.86306,506765156037,0.49031,0.56084,35.56745,0.29561,84,1,0.56200,0.60974,1,0.21250,0.11944,0,,0.45505,0.37983,7.45150,0.91507,1,0.80799,0.30884,9.17734,0.91815,1,0,0.00000,20,
0,NewMedia,2190,35.97808,506766306273,0.52254,0.60162,35.87957,0.09851,85,1,0.52274,0.61908,0,0.21250,0.11944,0,,0.45382,0.37860,6.69705,0.91573,0,0.80687,0.30868,9.21848,0.91881,0,505,0.00000,20,
0,NewMedia,2225,36.55306,506772056073,0.60665,0.66255,36.33938,0.21368,86,1,0.56781,0.88930,1,0.21250,0.11944,0,,0.45165,0.38406,7.80841,0.87097,1,0.80421,0.31148,11.21206,0.86951,1,0,0.00000,20,
0,NewMedia,2235,36.71748,506773700144,0.54946,1.01231,36.61892,0.09856,87,1,0.55247,1.27256,1,0.21250,0.11944,0,,0.45101,0.38276,6.58157,0.92566,0,0.80143,0.31139,9.54649,0.92874,1,0,0.00000,20,
0,NewMedia,2254,37.02961,506776821507,0.46179,0.76792,36.83248,0.19713,88,1,0.42574,0.49886,1,0.21250,0.11944,0,,0.45101,0.38276,6.58157,0.91053,0,0.79644,0.30579,9.82490,0.90907,1,0,0.00000,20,
0,NewMedia,2271,37.30885,506779613915,0.47429,0.64341,37.04606,0.26279,89,1,0.52734,0.62165,1,0.21250,0.11944,0,,0.44802,0.37984,8.11725,0.93590,1,0.80028,0.30790,9.44813,0.93898,1,0,0.00000,20,
0,NewMedia,2281,37.47314,506781256833,0.51004,0.43773,37.37463,0.09851,90,1,0.49786,0.14108,0,0.21250,0.11944,0,,0.44829,0.37586,7.80927,0.95391,0,0.80053,0.30541,8.78166,0.95699,0,506,0.00000,20,
0,NewMedia,2318,38.08114,506787336743,0.42500,0.01826,37.78503,0.29611,91,1,0.40304,0.07127,1,0.21250,0.11944,0,,0.44224,0.36453,8.31825,0.86233,1,0.79386,0.29116,10.85975,0.86518,1,0,0.00000,21,
0,NewMedia,2335,38.36024,506790127831,0.45747,0.07676,38.09730,0.26294,92,1,0.53227,0.02505,1,0.21250,0.11944,0,,0.44840,0.36315,8.71484,0.92870,1,0.79956,0.28985,10.44641,0.93178,1,0,0.00000,21,
0,NewMedia,2350,38.60671,506792592489,0.51923,0.06389,38.37670,0.23001,93,1,0.35311,0.06155,1,0.21250,0.11944,0,,0.44399,0.36271,8.45733,0.89757,1,0.79470,0.28879,10.37964,0.90042,1,0,0.00000,21,
0,NewMedia,2381,39.11610,506797686323,0.30423,0.07677,38.72181,0.39429,94,1,0.27877,0.12993,1,0.21250,0.11944,0,,0.43493,0.36177,9.32287,0.86926,1,0.78711,0.28793,11.81702,0.87666,1,0,0.00000,21,
0,NewMedia,2404,39.49397,506801465113,0.28616,0.08353,39.13255,0.36142,95,1,0.31733,0.03454,1,0.21250,0.11944,0,,0.43883,0.36197,9.30491,0.88892,1,0.79073,0.28865,11.73408,0.88746,1,0,0.00000,21,
0,NewMedia,2418,39.72384,506803763833,0.44635,0.07150,39.51014,0.21370,96,1,0.57020,-0.00212,1,0.25208,0.11944,0,,0.45114,0.36116,9.73645,0.89763,1,0.80228,0.28875,11.50385,0.90048,1,0,0.00000,21,
0,NewMedia,2440,40.08524,506807377799,0.57234,0.04806,39.78956,0.29568,97,1,0.54863,0.06029,1,0.27500,0.11111,0,,0.44560,0.36369,9.95072,0.87595,1,0.79700,0.28986,11.45443,0.87881,1,0,0.00000,20,
0,NewMedia,2486,40.84104,506814935800,0.53173,0.03692,40.10191,0.73914,98,1,0.34837,0.13901,1,0.29531,0.16111,0,,0.44403,0.36733,8.30968,0.92112,1,0.79350,0.29410,11.11184,0.92420,1,0,0.00000,19,
0,NewMedia,2506,41.16964,506818221859,0.32802,0.25052,40.90656,0.26308,99,1,0.56312,0.52285,1,0.29740,0.17222,0,,0.44870,0.37701,8.92551,0.95391,1,0.80006,0.30408,11.42015,0.95699,1,0,0.00000,19,
0,NewMedia,2563,42.10580,506827583344,0.47063,0.66800,41.77717,0.32863,100,1,0.43307,0.69208,1,0.29740,0.17222,0,,0.44165,0.37890,8.16628,0.89691,1,0.79446,0.30463,11.38934,0.89544,1,0,0.00000,20,
0,NewMedia,2576,42.31944,506829719768,0.37802,0.41371,42.12225,0.19719,101,1,0.27603,0.03898,1,0.29531,0.16667,0,,0.44018,0.38022,7.64426,0.91962,0,0.78524,0.28742,10.99215,0.91815,1,0,0.00000,20,
0,NewMedia,2621,43.05868,506837112244,0.29109,0.07841,42.38511,0.67357,102,1,0.28356,0.13477,1,0.27500,0.11574,0,,0.43443,0.36507,9.13354,0.85129,1,0.78688,0.29007,10.98937,0.84589,1,0,0.00000,20,
0,NewMedia,2642,43.40374,506840562801,0.28065,0.14568,43.07528,0.32846,103,1,0.26836,0.17274,1,0.27500,0.11574,0,,0.43630,0.36827,9.65939,0.90709,1,0.78878,0.29343,11.83308,0.91449,1,0,0.00000,20,
0,NewMedia,2680,44.02793,506846804789,0.26866,0.16510,43.42025,0.60768,104,1,0.25208,0.18883,1,0.27500,0.11574,0,,0.43405,0.36617,8.83208,0.90709,1,0.78613,0.29124,11.72044,0.91017,1,0,0.00000,20,
0,NewMedia,2707,44.47153,506851240801,0.26161,0.19136,44.04438,0.42715,105,1,0.27360,0.15555,1,0.27448,0.14815,0,,0.43214,0.36426,9.57629,0.89691,1,0.78442,0.28936,12.35435,0.89544,1,0,0.00000,20,
0,NewMedia,2734,44.91520,506855677476,0.26927,0.14165,44.48808,0.42712,106,1,0.28794,0.23935,1,0.27083,0.16111,0,,0.43166,0.36570,9.68537,0.91053,1,0.78423,0.29339,12.44592,0.90907,1,0,0.00000,20,
0,NewMedia,2756,45.27647,506859290016,0.26600,0.19568,44.93147,0.34500,107,1,0.24977,0.13539,1,0.27083,0.16111,0,,0.43197,0.36639,9.33062,0.93879,1,0.78456,0.29441,12.56173,0.93682,1,0,0.00000,20,
0,NewMedia,2787,45.78593,506864384610,0.27004,0.21065,45.29293,0.49300,108,1,0.20503,0.30902,1,0.27083,0.16111,0,,0.43076,0.36912,9.10938,0.90283,1,0.78385,0.29720,12.73789,0.90086,1,0,0.00000,20,
0,NewMedia,2814,46.22984,506868823780,0.22368,0.30885,45.85163,0.37820,109,1,0.29785,0.26123,1,0.26771,0.19630,0,,0.43274,0.36928,8.87975,0.88986,1,0.78460,0.29749,12.94826,0.89726,1,0,0.00000,20,
0,NewMedia,2834,46.55801,506872105491,0.43964,0.19563,46.29528,0.26273,110,1,0.50111,0.22706,1,0.26094,0.26574,0,,0.44141,0.37134,9.89113,0.89368,1,0.79291,0.29634,10.71020,0.89222,1,0,0.00000,20,
0,NewMedia,2849,46.80470,506874572411,0.40590,0.20615,46.57446,0.23024,111,1,0.21606,0.16400,1,0.26094,0.26574,0,,0.42985,0.36652,8.34302,0.92006,1,0.78105,0.29145,11.48412,0.92746,1,0,0.00000,20,
0,NewMedia,2876,47.24787,506879004121,0.23759,0.22289,46.87017,0.37770,112,1,0.27370,0.20371,1,0.26250,0.13796,0,,0.43055,0.36640,8.48564,0.90599,1,0.78236,0.29075,11.33446,0.90907,1,0,0.00000,20,
0,NewMedia,2890,47.47800,506881305504,0.27121,0.10624,47.26437,0.21364,113,1,0.29120,0.11607,1,0.26458,0.10463,0,,0.42852,0.36269,8.44586,0.89757,1,0.78003,0.28595,11.29703,0.89610,1,0,0.00000,20,
0,NewMedia,2912,47.83932,506884918616,0.28762,0.13883,47.49435,0.34497,114,1,0.30091,0.23865,1,0.26458,0.10648,0,,0.42813,0.36731,8.62607,0.89801,1,0.78039,0.29346,11.78649,0.90086,1,0,0.00000,20,
0,NewMedia,2934,48.20078,506888533270,0.24758,0.27635,47.85616,0.34462,115,1,0.17950,0.28030,1,0.26458,0.10926,0,,0.42399,0.36836,8.27668,0.92566,1,0.77609,0.29120,11.51966,0.92420,1,0,0.00000,20,
0,NewMedia,2952,48.49650,506891490454,0.21387,0.24100,48.21735,0.27914,116,1,0.23579,0.19072,1,0.25521,0.29167,0,,0.42572,0.36977,7.33095,0.95086,1,0.77774,0.29277,10.58584,0.95394,1,0,0.00000,20,
0,NewMedia,2973,48.84158,506894941179,0.23369,0.23954,48.51296,0.32861,117,1,0.25242,0.27109,1,0.25521,0.29167,0,,0.42819,0.36771,8.05739,0.89779,1,0.78069,0.29167,10.43685,0.89632,1,0,0.00000,20,
0,NewMedia,2996,49.21931,506898718484,0.06319,-0.00836,49.15359,0.06572,118,1,0.25899,0.10604,1,0.26354,0.17130,0,,0.42788,0.36582,8.11935,0.87529,1,0.78006,0.28952,10.89136,0.87815,1,0,0.00000,21,
0,NewMedia,3019,49.59722,506902497609,0.27659,0.06903,49.28532,0.31190,119,1,0.30017,0.00256,1,0.27187,0.10370,0,,0.42942,0.36295,7.54600,0.88958,1,0.78114,0.28662,9.86605,0.89244,1,0,0.00000,21,
0,NewMedia,3046,50.04087,506906934186,0.29252,0.08481,49.61385,0.42702,120,1,0.29422,0.17704,1,0.27187,0.10370,0,,0.42663,0.36670,7.98015,0.86687,1,0.77849,0.28927,10.61661,0.87427,1,0,0.00000,21,
0,NewMedia,3132,51.45385,506921063962,0.27918,0.17197,50.05726,1.39659,121,1,0.25468,0.15774,1,0.27344,0.22315,0,,0.42558,0.36449,9.00174,0.91141,1,0.77805,0.28707,11.81702,0.91449,1,0,0.00000,21,
0,NewMedia,3157,51.86439,506925169334,0.26841,0.19066,51.47025,0.39413,122,1,0.22275,0.32352,1,0.27344,0.22315,0,,0.42371,0.36842,8.44461,0.87551,1,0.77596,0.29169,11.53193,0.88291,1,0,0.00000,21,
0,NewMedia,3190,52.40658,506930591227,0.24175,0.31444,51.88145,0.52513,123,1,0.29584,0.33118,1,0.27344,0.22315,0,,0.42553,0.37247,8.77580,0.88826,1,0.77783,0.29740,11.87267,0.88680,1,0,0.00000,20,
0,NewMedia,3205,52.65308,506933056183,0.31164,0.27229,52.42295,0.23013,124,1,0.21183,0.28352,1,0.27344,0.22315,0,,0.42441,0.37157,8.08182,0.90255,1,0.77593,0.29582,11.15501,0.90108,1,0,0.00000,20,
0,NewMedia,3228,53.03086,506936833942,0.22131,0.22511,52.66952,0.36134,125,1,0.25548,0.08710,1,0.27292,0.20370,0,,0.42315,0.36594,8.35767,0.90687,1,0.77486,0.28675,10.54442,0.90540,1,0,0.00000,20,
0,NewMedia,3251,53.40859,506940611360,0.28744,0.09328,53.04774,0.36086,126,1,0.36679,0.03901,1,0.26979,0.12778,0,,0.42386,0.36409,8.48797,0.87141,1,0.77548,0.28431,10.17493,0.87881,1,0,0.00000,20,
0,NewMedia,3264,53.62209,506942746293,0.31302,-0.09757,53.42518,0.19691,127,1,0.16300,-0.76812,1,0.26771,0.11574,0,,0.42620,0.36334,8.05029,0.91075,1,0.77783,0.28338,10.28041,0.91361,1,0,0.00000,20,
0,NewMedia,3276,53.81940,506944719484,0.42471,0.05558,53.68803,0.13138,128,1,0.41423,0.03844,0,0.26771,0.11574,0,,0.42503,0.36230,8.34021,0.89757,0,0.77715,0.28270,10.32025,0.89610,0,509,0.00000,20,
0,NewMedia,3315,54.45988,506951124169,0.51794,-0.02538,54.13136,0.32852,129,1,0.54621,0.01772,1,0.26771,0.11574,0,,0.42967,0.36125,7.86701,0.89691,1,0.78125,0.28099,10.09044,0.89544,1,0,0.00000,21,
0,NewMedia,3340,54.87090,506955234415,0.52360,0.01628,54.47668,0.39423,130,1,0.48105,0.01158,1,0.26771,0.11574,0,,0.42783,0.36227,8.41006,0.91053,1,0.77957,0.28233,10.49199,0.90907,1,0,0.00000,21,
0,NewMedia,3349,55.01870,506956712406,0.51786,0.03174,54.88731,0.13139,131,1,0.55986,0.05894,1,0.26771,0.11574,0,,0.77999,0.28075,9.75862,0.87097,1,0.77999,0.28139,9.82064,0.87383,0,0,0.00000,21,
0,NewMedia,3413,56.07000,506967225419,0.40723,0.05245,55.87296,0.19704,132,1,0.25827,0.28318,1,0.26771,0.11574,0,,0.41655,0.36339,8.16276,0.82017,1,0.76756,0.28373,10.67842,0.81909,1,0,0.00000,22,
0,NewMedia,3463,56.89205,506975445943,0.26299,0.19054,56.18528,0.70677,133,1,0.27102,0.16294,1,0.25625,0.21481,0,,0.41290,0.36458,8.52209,0.91551,1,0.76461,0.28310,10.92379,0.91405,1,0,0.00000,22,
0,NewMedia,3490,57.33498,506979875246,0.26490,0.16909,56.90800,0.42699,134,1,0.25717,0.08310,1,0.26406,0.19444,0,,0.41195,0.36477,8.90700,0.92870,1,0.76368,0.28205,11.44180,0.93178,1,0,0.00000,22,
0,NewMedia,3518,57.79490,506984474410,0.26231,0.10713,57.35162,0.44328,135,1,0.26641,0.05989,1,0.26406,0.19444,0,,0.41179,0.36909,9.67217,0.89185,1,0.76352,0.28718,11.83308,0.89471,1,0,0.00000,22,
0,NewMedia,3539,58.14024,506987927692,0.52067,0.21765,57.91013,0.23010,136,1,0.54637,0.23308,1,0.26406,0.19444,0,,0.42487,0.36781,9.63503,0.90377,1,0.77532,0.28923,11.90691,0.89726,1,0,0.00000,22,
0,NewMedia,3553,58.37002,506990225559,0.48563,0.24775,58.15655,0.21347,137,1,0.22464,0.22966,1,0.28490,0.23426,0,,0.41852,0.36606,8.43544,0.88394,1,0.76919,0.28526,11.34501,0.88680,1,0,0.00000,22,
0,NewMedia,3580,58.81356,506994661004,0.24620,0.27166,58.43594,0.37762,138,1,0.25156,0.32978,1,0.27396,0.41019,0,,0.41634,0.36799,7.54540,0.90277,1,0.76815,0.28902,10.47626,0.91017,1,0,0.00000,22,
0,NewMedia,3595,59.06004,506997125812,0.28557,0.39345,58.83010,0.22993,139,1,0.31072,0.49731,1,0.39271,0.40278,0,,0.41880,0.37109,8.80503,0.90709,1,0.77117,0.28860,11.91147,0.91017,1,0,0.00000,22,
0,NewMedia,3602,59.17510,506998276374,0.71947,0.89433,59.12585,0.04926,140,1,0.59257,0.31365,1,0.39271,0.40278,0,,0.42990,0.35089,9.46361,0.92222,1,0.78141,0.26751,10.68615,0.92962,1,0,0.00000,22,
0,NewMedia,3612,59.33927,506999918098,0.60471,0.32806,59.24084,0.09843,141,1,0.60395,0.32879,0,0.39271,0.40278,0,,0.43627,0.34114,8.72189,0.90405,0,0.78748,0.26370,10.53825,0.91145,0,511,0.00000,22,
0,NewMedia,3639,59.78284,507004353814,0.55632,0.28691,59.65136,0.13148,142,1,0.54690,0.29731,0,0.39271,0.40278,0,,0.43827,0.34812,7.73420,0.89346,0,0.79110,0.26846,10.97845,0.89632,0,0,0.00000,23,
0,NewMedia,3688,60.58811,507012406538,0.58547,0.21996,60.09490,0.49321,143,1,0.59273,0.17316,1,0.39844,0.53333,0,,0.44264,0.34359,7.71621,0.91153,1,0.79533,0.26718,9.93918,0.91461,1,0,0.00000,23,
0,NewMedia,3704,60.85070,507015032389,0.58975,0.25589,60.60438,0.24632,144,1,0.59267,0.41152,1,0.54271,0.49907,0,,0.44034,0.35297,8.31450,0.89691,1,0.79206,0.27705,10.55814,0.89544,1,0,0.00000,23,
0,NewMedia,3721,61.13018,507017827178,0.56907,0.34938,60.86706,0.26312,145,1,0.53913,0.32670,1,0.54271,0.49907,0,,0.43476,0.35920,9.01014,0.89691,1,0.78712,0.28040,10.62007,0.89544,1,0,0.00000,23,
0,NewMedia,3727,61.22855,507018811001,0.53426,0.32329,61.14669,0.08186,146,1,0.50973,0.30524,1,0.54271,0.49907,0,,0.43441,0.35953,9.28596,0.89757,1,0.78667,0.27968,11.14515,0.89610,1,0,0.00000,23,
0,NewMedia,3731,61.29441,507019469478,0.66824,0.58951,61.24502,0.04939,147,1,0.27547,0.03168,1,0.54271,0.49907,0,,0.42502,0.34769,9.27621,0.88438,1,0.77627,0.26858,11.22577,0.88724,1,0,0.00000,23,
0,NewMedia,3751,61.62290,507022754498,0.26651,0.09900,61.35998,0.26292,148,1,0.26113,0.10440,1,0.25104,0.12222,0,,0.42447,0.32968,8.68921,0.87551,1,0.77710,0.25206,11.32275,0.88291,1,0,0.00000,23,
0,NewMedia,3768,61.90206,507025546077,0.23481,0.10957,61.63929,0.26277,149,1,0.20825,0.15997,1,0.22240,0.11019,0,,0.41915,0.33801,8.68921,0.83236,1,0.77149,0.25920,11.41467,0.83896,1,0,0.00000,22,
0,NewMedia,3787,62.21435,507028668895,0.24611,0.13144,61.91860,0.29575,150,1,0.26807,0.09349,1,0.21719,0.10648,0,,0.41855,0.33961,8.63485,0.87768,1,0.77095,0.25962,11.32802,0.88429,1,0,0.00000,22,
0,NewMedia,3802,62.46095,507031134816,0.24022,0.16239,62.23074,0.23021,151,1,0.20175,0.26195,1,0.21719,0.10648,0,,0.41459,0.34557,8.48564,0.88394,1,0.76633,0.26506,11.02365,0.88680,1,0,0.00000,22,
0,NewMedia,3815,62.67439,507033269230,0.27818,0.08626,62.47732,0.19707,152,1,0.32260,-0.06368,1,0.21719,0.10648,0,,0.42059,0.34147,9.25618,0.95260,1,0.77221,0.26019,11.13251,0.95545,1,0,0.00000,21,
0,NewMedia,3834,62.98650,507036390517,0.36836,0.01124,62.69073,0.29578,153,1,0.41713,0.00269,1,0.21719,0.10648,0,,0.42639,0.34131,9.34722,0.91173,1,0.77848,0.26114,10.84706,0.91459,1,0,0.00000,21,
0,NewMedia,3858,63.38059,507040331380,0.44165,0.04836,63.00312,0.37747,154,1,0.49077,0.06872,1,0.21719,0.10648,0,,0.42956,0.34185,9.36444,0.87097,1,0.78136,0.26257,10.90137,0.87405,1,0,0.00000,20,
0,NewMedia,3871,63.59483,507042473667,0.34902,0.14581,63.39725,0.19757,155,1,0.20281,0.26069,1,0.25156,0.11296,0,,0.41969,0.35119,8.16341,0.93357,1,0.77153,0.27450,11.15980,0.92706,1,0,0.00000,20,
0,NewMedia,3895,63.98846,507046409909,0.24124,0.29077,63.65997,0.32849,156,1,0.52523,0.20753,1,0.26979,0.49444,0,,0.43159,0.35033,9.86833,0.90050,1,0.78140,0.27133,11.29639,0.90335,1,0,0.00000,20,
0,NewMedia,3919,64.38288,507050354227,0.55347,0.19478,64.05416,0.32872,157,1,0.55489,0.23883,1,0.41667,0.44907,0,,0.43039,0.35266,9.34516,0.90643,1,0.78188,0.27267,10.82530,0.90951,1,0,0.00000,20,
0,NewMedia,3945,64.80991,507054624597,0.22995,0.26924,64.49786,0.31206,158,1,0.27109,0.28360,1,0.41510,0.44815,0,,0.41643,0.35228,8.40288,0.91507,1,0.76846,0.27351,10.92087,0.91815,1,0,0.00000,20,
0,NewMedia,3961,65.07284,507057253859,0.32103,0.25567,64.82656,0.24628,159,1,0.35802,0.22938,1,0.41510,0.44815,0,,0.41752,0.35266,7.88696,0.93595,1,0.76874,0.27107,10.60941,0.93903,1,0,0.00000,19,
0,NewMedia,3974,65.28643,507059389674,0.22605,0.44141,65.08944,0.19699,160,1,0.12413,0.52027,1,0.41510,0.44815,0,,0.41605,0.35933,8.01229,0.91507,0,0.76188,0.28068,10.53924,0.91815,1,0,0.00000,19,
0,NewMedia,3989,65.53274,507061852842,0.20894,0.58938,65.30289,0.22984,161,1,0.19577,0.63169,1,0.41510,0.44815,0,,0.41112,0.36330,7.86137,0.92870,1,0.76188,0.27803,10.56272,0.93178,1,0,0.00000,19,
0,NewMedia,4008,65.84509,507064976209,0.24644,0.66028,65.54925,0.29584,162,1,0.30274,0.66560,1,0.41510,0.44815,0,,0.41302,0.36637,7.38878,0.91507,1,0.76312,0.27908,10.46769,0.91815,1,0,0.00000,19,
0,NewMedia,4022,66.07496,507067275014,0.38719,0.64832,65.86146,0.21350,163,1,0.46405,0.64484,1,0.41510,0.44815,0,,0.41993,0.36527,7.28197,0.91097,1,0.77057,0.27992,10.93151,0.91837,1,0,0.00000,19,
0,NewMedia,4040,66.37075,507070232975,0.47647,0.61907,66.09153,0.27922,164,1,0.23747,0.71136,1,0.41510,0.44815,0,,0.42129,0.36505,8.23325,0.89801,0,0.76609,0.28288,10.99885,0.90540,1,0,0.00000,19,
0,NewMedia,4060,66.69917,507073517064,0.23121,0.91668,66.43635,0.26282,165,1,0.25491,0.97126,1,0.41510,0.44815,0,,0.41112,0.37272,7.90502,0.94383,1,0.76116,0.28629,10.97588,0.94691,1,0,0.00000,18,
0,NewMedia,4074,66.92931,507075818587,0.31900,0.98368,66.71572,0.21359,166,1,0.48323,1.08884,1,0.41510,0.44815,0,,0.41895,0.36998,8.17609,0.90211,1,0.76894,0.28495,10.52285,0.90064,1,0,0.00000,18,
0,NewMedia,4090,67.19202,507078445596,0.50360,0.69757,66.99508,0.19695,167,1,0.53153,0.19923,1,0.41510,0.44815,0,,0.42299,0.34863,8.89284,0.89280,1,0.77310,0.26497,10.64015,0.89588,1,0,0.00000,18,
0,NewMedia,4100,67.35734,507080098834,0.40721,0.52381,67.30843,0.04890,168,1,0.56695,0.02334,1,0.41510,0.44815,0,,0.42471,0.34578,8.44497,0.89691,1,0.77473,0.26209,9.79373,0.89544,1,0,0.00000,18,
0,NewMedia,4147,68.12861,507087811423,0.52914,0.03054,67.42217,0.70644,169,1,0.46590,0.03871,1,0.50885,0.11111,0,,0.41772,0.34993,9.18550,0.90145,1,0.76814,0.26460,10.73559,0.90453,1,0,0.00000,18,
0,NewMedia,4176,68.60500,507092575492,0.46998,0.02150,68.14504,0.45996,170,1,0.45801,0.03284,1,0.45677,0.10741,0,,0.41840,0.34714,8.88229,0.87962,1,0.76920,0.26165,10.66278,0.88247,1,0,0.00000,18,
0,NewMedia,4205,69.08160,507097341387,0.41876,0.03472,68.62150,0.46010,171,1,0.41661,0.06209,1,0.45677,0.10741,0,,0.41262,0.34876,9.55075,0.88438,1,0.76350,0.26155,11.10739,0.89178,1,0,0.00000,18,
0,NewMedia,4239,69.64021,507102927428,0.43397,0.05756,69.09785,0.54236,172,1,0.43754,-0.00316,1,0.42708,0.10741,0,,0.41145,0.35090,9.59484,0.92870,1,0.76194,0.26246,11.30029,0.93178,1,0,0.00000,18,
0,NewMedia,4285,70.39565,507110482006,0.42914,0.03638,69.65646,0.73920,173,1,0.38851,0.11640,1,0.41406,0.10741,0,,0.40564,0.35526,9.87402,0.92416,1,0.75601,0.26938,12.39390,0.92269,1,0,0.00000,18,
0,NewMedia,4338,71.26646,507119190020,0.41035,0.09949,70.41224,0.85422,174,1,0.41411,0.10862,1,0.39844,0.19444,0,,0.40899,0.35200,9.34080,0.88848,1,0.75851,0.26171,10.95191,0.88702,1,0,0.00000,17,
0,NewMedia,4381,71.97301,507126255536,0.41146,0.10215,71.28265,0.69037,175,1,0.41442,0.16118,1,0.39844,0.19444,0,,0.40157,0.35584,8.73769,0.92666,1,0.75074,0.26489,11.57990,0.92470,1,0,0.00000,17,
0,NewMedia,4401,72.30141,507129539525,0.39191,0.15590,71.98952,0.31189,176,1,0.39184,0.20202,1,0.40104,0.18056,0,,0.40139,0.35601,8.73656,0.92588,1,0.75017,0.26539,10.91838,0.92896,1,0,0.00000,16,
0,NewMedia,4419,72.59692,507132494593,0.40032,0.18271,72.31789,0.27902,177,1,0.39236,0.15424,1,0.40156,0.18241,0,,0.40055,0.35367,8.76174,0.92078,1,0.74880,0.26060,10.59253,0.91931,1,0,0.00000,16,
0,NewMedia,4455,73.18870,507138412458,0.39847,0.08222,72.61344,0.57526,178,1,0.40213,0.06312,1,0.39844,0.18796,0,,0.40137,0.35277,8.43082,0.92870,1,0.75004,0.25975,10.06764,0.93178,1,0,0.00000,15,
0,NewMedia,4478,73.56637,507142189042,0.39933,0.10561,73.20501,0.36136,179,1,0.23178,0.32108,1,0.39844,0.18796,0,,0.39927,0.35547,7.53139,0.88006,0,0.74373,0.26477,9.33507,0.87859,1,0,0.00000,15,
0,NewMedia,4497,73.87843,507145309612,0.19339,0.36768,73.63216,0.24626,180,1,0.18651,0.37019,1,0.39844,0.18796,0,,0.39282,0.36753,8.87682,0.91191,1,0.74055,0.27239,10.51162,0.91477,1,0,0.00000,14,
0,NewMedia,4511,74.10842,507147609550,0.20980,0.33258,73.89509,0.21333,181,1,0.20921,0.30169,1,0.29583,0.34722,0,,0.39002,0.35937,7.58919,0.89412,1,0.73877,0.26493,10.61759,0.90152,1,0,0.00000,14,
0,NewMedia,4534,74.48637,507151389134,0.19831,0.30896,74.27268,0.21368,182,1,0.18242,0.45754,1,0.30625,0.33796,0,,0.39033,0.36098,7.12586,0.86687,0,0.73795,0.27267,10.47941,0.87427,1,0,0.00000,14,
0,NewMedia,4553,74.79839,507154509299,0.19770,0.42701,74.50297,0.29543,183,1,0.22794,0.56720,1,0.29427,0.38796,0,,0.39081,0.37147,8.22775,0.91962,1,0.73935,0.27387,10.54951,0.91815,1,0,0.00000,14,
0,NewMedia,4570,75.07792,507157304582,0.23606,0.55910,74.86439,0.21353,184,1,0.22998,0.50912,1,0.23646,0.51204,0,,0.39382,0.36980,8.49891,0.92870,1,0.74219,0.27469,10.23476,0.93178,1,0,0.00000,13,
0,NewMedia,4597,75.52134,507161738737,0.23775,0.16511,75.19263,0.32870,185,1,0.45446,0.01126,1,0.26354,0.19907,0,,0.40573,0.35251,8.33516,0.91119,1,0.75416,0.25906,9.97922,0.90973,1,0,0.00000,13,
0,NewMedia,4645,76.30981,507169623435,0.46821,0.01778,75.58704,0.72276,186,1,0.47063,0.08629,1,0.46979,0.11759,0,,0.40012,0.35189,8.77213,0.91995,1,0.74915,0.25893,10.36694,0.92280,1,0,0.00000,13,
0,NewMedia,4650,76.39199,507170445252,0.47197,0.09329,76.32626,0.06573,187,1,0.47797,0.11712,1,0.46979,0.11759,0,,0.40063,0.35203,9.05241,0.91899,1,0.74965,0.25967,10.18093,0.92233,1,0,0.00000,13,
0,NewMedia,4699,77.19697,507178495150,0.48428,0.08631,76.50698,0.68999,188,1,0.50336,0.12828,1,0.46979,0.11759,0,,0.40499,0.34937,8.04059,0.89380,1,0.75435,0.25813,10.15917,0.90120,1,0,0.00000,12,
0,NewMedia,4724,77.60764,507182601828,0.47282,0.08295,77.21502,0.39262,189,1,0.47840,0.11281,1,0.46927,0.15093,0,,0.40510,0.34719,8.80792,0.87141,1,0.75435,0.25632,10.61762,0.87881,1,0,0.00000,12,
0,NewMedia,4749,78.01867,507186712168,0.47426,0.09418,77.62423,0.39444,190,1,0.48779,-0.01209,1,0.45990,0.16667,0,,0.40293,0.34792,8.90093,0.93064,1,0.75185,0.25593,11.16835,0.93350,1,0,0.00000,12,
0,NewMedia,4769,78.34696,507189995037,0.47136,0.01791,78.03507,0.31189,191,1,0.46869,-0.01548,1,0.45990,0.16667,0,,0.40061,0.35017,9.35398,0.93214,1,0.74994,0.25710,10.57439,0.93500,1,0,0.00000,12,
0,NewMedia,4782,78.56043,507192129809,0.35681,0.15714,78.36330,0.19713,192,1,0.30680,0.22588,1,0.45990,0.16667,0,,0.39278,0.35727,8.14848,0.91119,1,0.74291,0.26737,11.41122,0.91427,1,0,0.00000,11,
0,NewMedia,4798,78.82374,507194762743,0.27025,0.27287,78.57693,0.24681,193,1,0.24158,0.30634,1,0.42656,0.20833,0,,0.38893,0.35840,7.51275,0.90504,1,0.73869,0.26697,11.30746,0.91244,1,0,0.00000,11,
0,NewMedia,4835,79.43119,507200837334,0.26594,0.26730,78.83976,0.59143,194,1,0.22953,0.31386,1,0.44010,0.58056,0,,0.39055,0.35855,7.01537,0.91962,0,0.73687,0.26048,9.61863,0.91815,1,0,0.00000,11,
0,NewMedia,4849,79.66120,507203137467,0.22136,0.40247,79.44791,0.21329,195,1,0.17820,0.42420,1,0.36406,0.69537,0,,0.39055,0.35855,7.01537,0.92870,0,0.73988,0.27257,10.09381,0.93178,1,0,0.00000,11,
0,NewMedia,4866,79.94074,507205932870,0.26730,0.56276,79.72683,0.21391,196,1,0.24657,0.46560,1,0.35885,0.69074,0,,0.38856,0.36907,7.25855,0.92870,0,0.73642,0.27095,10.09701,0.93178,1,0,0.00000,11,
0,NewMedia,4905,80.58141,507212339511,0.32610,0.40190,80.30184,0.27957,197,1,0.27040,0.62470,1,0.35885,0.69074,0,,0.38493,0.36891,7.15260,0.94028,1,0.73378,0.26933,10.18274,0.93881,1,0,0.00000,12,
0,NewMedia,4927,80.94253,507215950702,0.27128,0.61636,80.64735,0.29518,198,1,0.12833,0.44527,1,0.27708,0.56759,0,,0.38026,0.37188,7.55861,0.96050,0,0.72858,0.27045,10.39741,0.96357,1,0,0.00000,12,
0,NewMedia,4949,81.30418,507219567152,0.15981,0.50130,81.00849,0.29568,199,1,0.28242,0.68537,1,0.27135,0.53519,0,,0.38230,0.37274,7.39386,0.90211,1,0.73032,0.27160,10.70482,0.90518,1,0,0.00000,12,
0,NewMedia,4971,81.66560,507223181394,0.25965,0.62049,81.36985,0.29575,200,1,0.27179,0.63650,1,0.28073,0.47315,0,,0.38175,0.37616,8.28708,0.93496,1,0.73110,0.27610,10.97743,0.93782,1,0,0.00000,11,
0,NewMedia,4992,82.01057,507226631084,0.25967,0.58680,81.68200,0.32857,201,1,0.28373,0.52964,1,0.28021,0.51019,0,,0.38411,0.37259,7.96216,0.93020,1,0.73462,0.27150,10.80922,0.92874,1,0,0.00000,11,
0,NewMedia,4999,82.12611,507227786523,0.27653,0.52689,82.02705,0.09906,202,1,0.24429,0.58277,1,0.22448,0.47130,0,,0.38389,0.37253,8.22095,0.88394,1,0.73449,0.27138,10.88331,0.88247,1,0,0.00000,11,
0,NewMedia,5004,82.20776,507228602928,0.40974,0.64647,82.14204,0.06572,203,1,0.15634,0.21874,1,0.18021,0.25833,0,,0.38313,0.35801,7.84201,0.85703,1,0.73260,0.25912,10.52040,0.85989,1,0,0.00000,11,
0,NewMedia,5028,82.60206,507232546062,0.18428,0.14178,82.27349,0.32857,204,1,0.22216,0.08978,1,0.18229,0.06852,0,,0.38712,0.35865,8.69112,0.86233,1,0.73686,0.26024,10.74517,0.86518,1,0,0.00000,11,
0,NewMedia,5056,83.06208,507237146163,0.21764,0.08887,82.61860,0.44348,205,1,0.43433,0.27518,1,0.19948,0.11574,0,,0.38386,0.36065,7.28333,0.85109,0,0.73806,0.26183,9.26304,0.85395,1,0,0.00000,10,
0,NewMedia,5074,83.35798,507240105236,0.51614,0.47155,83.12777,0.23021,206,1,0.52871,0.60542,1,0.19948,0.11574,3,,0.39526,0.37304,7.24117,0.89757,1,0.74482,0.27171,9.54314,0.89610,1,0,0.00000,10,
0,NewMedia,5083,83.50556,507241581051,0.52930,0.51051,83.37409,0.13147,207,1,0.52342,0.29897,0,0.19948,0.11574,0,,0.39421,0.37165,7.57885,0.91507,0,0.74418,0.26956,9.55471,0.91815,0,513,0.00000,10,
0,NewMedia,5135,84.35973,507250122766,0.21457,0.24154,83.96554,0.39420,208,1,0.12943,-0.01470,0,0.19948,0.11574,0,,0.37384,0.36005,7.70195,0.95520,0,0.72175,0.25543,10.72135,0.96357,0,514,0.00000,11,
0,NewMedia,5167,84.88541,507255379613,0.28302,0.08349,84.67194,0.21347,209,1,0.34993,0.14116,1,0.24115,0.17685,0,,0.38053,0.35644,8.40288,0.86687,1,0.72952,0.25490,10.27706,0.87427,1,0,0.00000,12,
0,NewMedia,5179,85.08271,507257352453,0.33282,0.12037,84.90183,0.18088,210,1,0.33675,0.08513,0,0.26406,0.20093,0,,0.38185,0.35622,8.03251,0.89346,0,0.73127,0.25491,10.25223,0.89654,0,515,0.00000,12,
0,NewMedia,5214,85.65780,507263103395,0.54906,0.11448,85.44398,0.21382,211,1,0.56218,0.11554,0,0.21823,0.16944,0,,0.39916,0.36147,7.65430,0.95037,0,0.74817,0.26260,9.16677,0.95345,0,0,0.00000,13,
0,NewMedia,5308,87.20199,507278545281,0.49007,0.93886,87.00494,0.19705,212,1,0.42933,0.60960,1,0.21823,0.16944,0,,0.38287,0.37004,7.55193,0.88914,1,0.73219,0.26935,10.09328,0.89654,1,0,0.00000,12,
0,NewMedia,5320,87.39901,507280515449,0.43596,0.71812,87.26766,0.13135,213,1,0.44822,0.77301,0,0.21823,0.16944,0,,0.38257,0.37005,6.95022,0.91466,0,0.73227,0.26979,9.83101,0.92304,0,516,0.00000,12,
0,NewMedia,5384,88.45065,507291031919,0.42388,0.63422,87.95745,0.49319,214,1,0.44306,0.63653,1,0.21823,0.16944,0,,0.38800,0.37048,7.06989,0.90599,1,0.73740,0.27081,10.71357,0.90907,1,0,0.00000,13,
0,NewMedia,5404,88.77915,507294316964,0.44845,0.65239,88.46699,0.31216,215,1,0.45462,0.65889,1,0.21823,0.16944,0,,0.38609,0.36949,8.27742,0.91239,1,0.73632,0.26897,10.66615,0.92076,1,0,0.00000,13,
0,NewMedia,5438,89.33768,507299902244,1.47496,0.60373,89.28867,0.04901,216,1,1.06406,-0.74190,1,0.21823,0.16944,0,,0.40571,0.34540,9.41144,0.86233,1,0.75652,0.24775,8.87667,0.86518,1,0,0.00000,14,
0,NewMedia,5448,89.50220,507301547427,1.65804,1.31279,89.40357,0.09863,217,1,1.59436,1.29256,1,0.21823,0.16944,0,,0.40405,0.34556,9.62183,0.83423,1,0.75462,0.24736,8.77237,0.80757,1,0,0.00000,14,
0,NewMedia,5486,90.12629,507307788242,0.45685,0.14815,89.91242,0.21387,218,1,0.54918,0.30750,1,0.21823,0.16944,0,,0.38653,0.36132,9.72445,0.91203,1,0.73567,0.26093,11.99996,0.91057,1,0,0.00000,15,
0,NewMedia,5537,90.96412,507316166648,0.54763,0.27570,90.19195,0.77217,219,1,0.51803,0.38172,1,0.21823,0.16944,0,,0.38714,0.36625,8.52972,0.89951,1,0.73626,0.26580,9.57006,0.90236,1,0,0.00000,15,
0,NewMedia,5550,91.17765,507318301940,0.49597,0.49699,90.98038,0.19727,220,1,0.47151,0.58489,1,0.21823,0.16944,0,,0.38524,0.37012,9.04486,0.93086,1,0.73391,0.27048,10.15451,0.93394,1,0,0.00000,15,
0,NewMedia,5567,91.45672,507321092554,0.46507,0.64185,91.19390,0.26282,221,1,0.45664,0.56055,1,0.21823,0.16944,0,,0.38402,0.36881,9.02836,0.92222,1,0.73300,0.26949,10.86749,0.92962,1,0,0.00000,15,
0,NewMedia,5585,91.75268,507324052206,0.44772,0.67940,91.47308,0.27960,222,1,0.45031,0.60263,1,0.21823,0.16944,0,,0.38597,0.36779,8.06783,0.93518,1,0.73554,0.27065,10.70179,0.94258,1,0,0.00000,15,
0,NewMedia,5590,91.83471,507324872453,0.43821,0.58570,91.76926,0.06544,223,1,0.39969,0.19761,1,0.21823,0.16944,0,,0.38335,0.36468,7.83766,0.94095,1,0.73262,0.26573,10.71571,0.93898,1,0,0.00000,15,
0,NewMedia,5622,92.36053,507330130645,0.35701,0.06041,91.94981,0.41072,224,1,0.43400,0.03175,1,0.21823,0.16944,0,,0.37919,0.35027,9.32441,0.89691,1,0.72825,0.25160,11.05497,0.89544,1,0,0.00000,15,
0,NewMedia,5662,93.01769,507336702266,0.41210,0.03281,92.37679,0.64090,225,1,0.44983,-0.03747,1,0.40052,0.11204,0,,0.37644,0.35285,9.71134,0.90699,1,0.72560,0.25270,11.23885,0.90553,1,0,0.00000,15,
0,NewMedia,5680,93.31353,507339660703,0.46144,0.03227,93.03388,0.27965,226,1,0.43097,0.10471,1,0.40052,0.11204,0,,0.37806,0.35359,9.63080,0.87097,1,0.72761,0.25415,11.30267,0.87383,1,0,0.00000,15,
0,NewMedia,5725,94.05247,507347050100,0.42688,0.08072,93.32977,0.72270,227,1,0.42628,0.15042,1,0.40052,0.11852,0,,0.37790,0.35525,9.20206,0.89412,1,0.72705,0.25539,10.96841,0.90152,1,0,0.00000,15,
0,NewMedia,5754,94.52917,507351817082,0.41481,0.12650,94.06889,0.46028,228,1,0.41606,0.16329,1,0.39635,0.19815,0,,0.37463,0.35628,9.50567,0.89324,1,0.72371,0.25546,11.49608,0.89178,1,0,0.00000,14,
0,NewMedia,5794,95.18610,507358386410,0.41791,0.14793,94.54546,0.64064,229,1,0.42117,0.20470,1,0.39635,0.19815,0,,0.37455,0.35879,10.21533,0.86233,1,0.72550,0.25971,11.86448,0.86518,1,0,0.00000,14,
0,NewMedia,5819,95.59682,507362493644,0.23771,0.34120,95.25187,0.34496,230,1,0.24551,0.39113,1,0.39635,0.19815,0,,0.36676,0.36189,9.19264,0.85109,1,0.71782,0.26496,12.17553,0.85395,1,0,0.00000,14,
0,NewMedia,5833,95.82685,507364793934,0.19785,0.52326,95.61346,0.21339,231,1,0.18594,0.40836,1,0.39635,0.19815,0,,0.36608,0.36370,8.50822,0.90211,1,0.71730,0.26643,11.74002,0.90951,1,0,0.00000,14,
0,NewMedia,5896,96.86176,507375143044,0.21945,0.25708,96.38519,0.47658,232,1,0.21703,0.32193,1,0.39635,0.19815,0,,0.37055,0.36014,6.66361,0.88050,0,0.72131,0.26218,10.61661,0.88790,1,0,0.00000,14,
0,NewMedia,5903,96.97684,507376293785,0.20142,0.26279,96.87818,0.09866,233,1,0.22120,0.12681,0,0.39635,0.19815,0,,0.37055,0.36014,6.66361,0.87141,0,0.72172,0.26094,10.53386,0.87427,0,520,0.00000,14,
0,NewMedia,5944,97.65032,507383028634,0.34625,0.07732,97.38743,0.26289,234,1,0.60189,0.00430,1,0.39635,0.19815,0,,0.38506,0.35261,8.73167,0.90189,1,0.73500,0.25461,10.14426,0.90042,1,0,0.00000,15,
0,NewMedia,5960,97.91331,507385658464,0.60247,0.12549,97.71616,0.19714,235,1,1.23455,1.24170,1,0.39635,0.19815,0,,0.36948,0.35506,7.12618,0.92112,1,0.74672,0.28813,1.83916,0.91965,1,0,0.00000,14,
0,NewMedia,5999,98.55387,507392064174,0.22504,0.08308,97.97915,0.57472,236,1,0.21861,0.06429,1,0.20521,0.10370,0,,0.36937,0.35439,8.04505,0.87097,1,0.71959,0.25535,10.12264,0.86951,1,0,0.00000,14,
0,NewMedia,6007,98.68546,507393380045,0.22570,0.05120,98.57029,0.11517,237,1,0.27107,0.03632,1,0.20521,0.10370,0,,0.36763,0.35419,7.55347,0.88958,1,0.71862,0.25451,9.89784,0.89244,1,0,0.00000,14,
0,NewMedia,6030,99.06335,507397158905,0.53084,-0.10812,98.80044,0.26291,238,1,0.55647,-0.03765,1,0.20521,0.10370,0,,0.38533,0.35184,8.36376,0.85916,1,0.73549,0.25368,10.21915,0.85770,1,0,0.00000,14,
0,NewMedia,6053,99.44126,507400938040,0.55814,-0.07096,99.07980,0.36147,239,1,0.40444,0.12158,1,0.20521,0.10370,0,,0.38067,0.35662,7.46273,0.87097,1,0.72877,0.25937,9.77932,0.86951,1,0,0.00000,14,
0,NewMedia,6071,99.73666,507403891997,0.40422,0.21367,99.50686,0.22980,240,1,0.55944,0.26296,1,0.20521,0.10370,0,,0.38662,0.36569,9.77902,0.89801,1,0.73620,0.26864,11.12002,0.90540,1,0,0.00000,14,
0,NewMedia,6084,99.95049,507406030383,0.56631,0.26012,99.80274,0.14775,241,1,0.56697,0.22345,0,0.20521,0.10370,0,,0.38541,0.36466,9.13447,0.89829,0,0.73603,0.26732,10.95823,0.89178,0,521,0.00000,14,
0,NewMedia,6137,100.82105,507414735893,0.22043,0.13792,100.31168,0.50937,242,1,0.19831,0.15700,1,0.19115,0.15185,0,,0.36433,0.35814,7.05475,0.87529,1,0.71499,0.25849,9.74839,0.87815,1,0,0.00000,15,
0,NewMedia,6150,101.03454,507416870825,0.30441,0.25765,100.83750,0.19704,243,1,0.52233,0.41947,1,0.17083,0.17500,0,,0.36480,0.35945,7.49720,0.88028,0,0.73042,0.27167,9.69230,0.88335,1,0,0.00000,15,
0,NewMedia,6160,101.19884,507418513895,0.48713,0.35627,101.10046,0.09839,244,1,0.55391,0.35296,0,0.17135,0.17500,0,,0.38235,0.36777,7.36345,0.89757,0,0.73306,0.27066,9.35910,0.90042,0,522,0.00000,15,
0,NewMedia,6191,101.70814,507423606717,0.46202,0.36800,101.51099,0.19714,245,1,0.40419,0.52963,1,0.17135,0.17500,0,,0.37918,0.36237,8.43826,0.95996,0,0.72518,0.27269,9.91260,0.95799,1,0,0.00000,15,
0,NewMedia,6206,101.95472,507426072591,0.40429,0.54549,101.72446,0.23026,246,1,0.39973,0.48544,1,0.17135,0.17500,0,,0.37500,0.37205,6.37882,0.91507,0,0.72698,0.27365,9.87633,0.91815,1,0,0.00000,15,
0,NewMedia,6220,102.18479,507428373398,0.39726,0.46423,101.97120,0.21359,247,1,0.33843,-0.38585,0,0.17135,0.17500,0,,0.37603,0.37410,6.75430,0.86233,0,0.72921,0.25937,25.15064,0.86518,0,523,0.00000,15,
0,NewMedia,6261,102.85842,507435109551,0.42229,0.59935,102.64480,0.21362,248,1,0.33284,0.45682,1,0.17135,0.17500,0,,0.37406,0.36833,7.68530,0.96070,1,0.72427,0.26831,10.02827,0.96908,1,0,0.00000,16,
0,NewMedia,6282,103.20344,507438559771,0.36697,0.42552,102.92394,0.27950,249,1,0.37786,0.27907,1,0.17135,0.17500,0,,0.37144,0.36220,7.21426,0.89829,1,0.72242,0.26699,9.50715,0.90569,1,0,0.00000,16,
0,NewMedia,6300,103.49920,507441517360,0.34494,0.13627,103.26913,0.23007,250,1,0.39030,0.05184,1,0.17135,0.17500,0,,0.37208,0.35417,7.93785,0.92638,1,0.72236,0.25444,9.86743,0.92442,1,0,0.00000,16,
0,NewMedia,6323,103.87693,507445294717,0.35840,0.05486,103.51551,0.36142,251,1,0.31995,-0.02048,0,0.17135,0.17500,0,,0.36781,0.35302,8.05008,0.89412,0,0.71870,0.25307,10.19890,0.90152,0,524,0.00000,16,
0,NewMedia,6385,104.89552,507455480523,0.49917,0.69211,104.68197,0.21355,252,1,0.60129,0.92812,0,0.17135,0.17500,0,,0.37205,0.36996,8.07576,0.92870,0,0.36101,0.40484,11.86878,0.93178,0,0,0.00000,17,
0,NewMedia,6422,105.50324,507461557865,0.43497,0.64460,105.30598,0.19727,253,1,0.41538,0.65300,1,0.17135,0.17500,0,,0.37398,0.37536,7.15247,0.91725,1,0.72587,0.27520,10.21736,0.91578,1,0,0.00000,17,
0,NewMedia,6444,105.86469,507465172390,0.58581,0.68944,105.56882,0.29587,254,1,0.64744,0.67863,1,0.17135,0.17500,0,,0.38469,0.37943,7.79593,0.89691,1,0.73520,0.28114,9.82327,0.89998,1,0,0.00000,17,
0,NewMedia,6475,106.37392,507470264688,0.60411,0.71102,105.88107,0.49286,255,1,0.49452,0.99979,1,0.17135,0.17500,0,,0.38133,0.37792,8.08534,0.92709,1,0.73213,0.27863,9.06332,0.92562,1,0,0.00000,17,
0,NewMedia,6494,106.68618,507473387236,0.52352,1.07334,106.53826,0.14792,256,1,0.50105,0.77005,0,0.17135,0.17500,0,,0.37768,0.37653,7.45971,0.89691,0,0.72840,0.27762,9.28522,0.89544,0,525,0.00000,17,
0,NewMedia,6548,107.57333,507482258641,0.29315,0.65495,107.19552,0.37781,257,1,0.43924,0.71937,1,0.17135,0.17500,0,,0.37208,0.37070,7.06236,0.91875,1,0.72341,0.27115,10.35688,0.91729,1,0,0.00000,18,
0,NewMedia,6575,108.01675,507486692910,0.41700,0.62522,107.63915,0.37759,258,1,0.45931,0.72778,1,0.17135,0.17500,0,,0.37253,0.37112,8.01925,0.90599,1,0.72394,0.27126,9.50289,0.90453,1,0,0.00000,18,
0,NewMedia,6598,108.39443,507490469784,0.43271,0.69172,108.13169,0.26274,259,1,0.41139,0.29492,1,0.17135,0.17500,0,,0.36974,0.36642,8.30097,0.89691,1,0.71961,0.26381,9.84154,0.89544,1,0,0.00000,18,
0,NewMedia,6619,108.73975,507493922915,0.39792,0.03712,108.46041,0.27934,260,1,0.40789,-0.04437,1,0.17135,0.17500,0,,0.36781,0.35341,8.79166,0.92416,1,0.71912,0.25305,10.45801,0.92269,1,0,0.00000,18,
0,NewMedia,6644,109.15043,507498029688,0.40129,0.04274,108.75628,0.39415,261,1,0.41284,0.06441,1,0.17135,0.17500,0,,0.36802,0.35445,8.78352,0.88438,1,0.71875,0.25364,10.42117,0.89178,1,0,0.00000,18,
0,NewMedia,6685,109.82383,507504763685,0.35138,0.04273,109.16679,0.65704,262,1,0.40526,0.00974,1,0.36771,0.13704,0,,0.36756,0.35474,8.93354,0.88848,1,0.71758,0.25421,10.88154,0.89156,1,0,0.00000,17,
0,NewMedia,6708,110.20184,507508543786,0.43113,0.00959,109.84034,0.36150,263,1,0.47260,-0.01195,1,0.40885,0.11019,0,,0.36859,0.35392,9.65306,0.90277,1,0.71856,0.25286,11.02479,0.90584,1,0,0.00000,17,
0,NewMedia,6743,110.77670,507514292401,0.49807,0.04729,110.21832,0.55838,264,1,0.42739,0.03449,1,0.40885,0.11019,0,,0.36555,0.35371,9.37775,0.90599,1,0.71590,0.25188,10.75379,0.90907,1,0,0.00000,17,
0,NewMedia,6757,111.00681,507516593581,0.40945,0.12702,110.79311,0.21370,265,1,0.41549,0.20189,1,0.40885,0.11019,0,,0.36314,0.35701,9.71134,0.88826,1,0.71341,0.25571,11.21248,0.88680,1,0,0.00000,17,
0,NewMedia,6782,111.41756,507520701116,0.40291,0.19618,111.02299,0.39458,266,1,0.40815,0.26708,1,0.40885,0.11019,0,,0.36182,0.35967,8.61314,0.90665,1,0.71145,0.26185,11.38554,0.90518,1,0,0.00000,17,
0,NewMedia,6797,111.66407,507523166149,0.41059,0.14774,111.43404,0.23003,267,1,0.41220,0.13146,1,0.40885,0.11019,0,,0.36126,0.35733,8.82854,0.89302,1,0.71115,0.25500,10.63797,0.89156,1,0,0.00000,17,
0,NewMedia,6827,112.15684,507528093844,0.41077,0.16129,111.68050,0.47633,268,1,0.39879,0.19057,1,0.41198,0.24074,0,,0.36424,0.36262,8.86338,0.92870,1,0.71342,0.26067,11.82513,0.93178,1,0,0.00000,17,
0,NewMedia,6866,112.79752,507534500631,0.40795,0.22314,112.17329,0.62424,269,1,0.39783,0.22336,1,0.40365,0.27685,0,,0.36034,0.36402,9.09752,0.91053,1,0.71029,0.26070,10.88329,0.90907,1,0,0.00000,17,
0,NewMedia,6895,113.27399,507539265323,0.40433,0.21229,112.81411,0.45988,270,1,0.42021,0.17676,1,0.40365,0.27685,0,,0.35930,0.36394,9.30158,0.92870,1,0.70998,0.26037,11.11965,0.93178,1,0,0.00000,17,
0,NewMedia,6910,113.52032,507541728534,0.35152,0.22854,113.29023,0.23009,271,1,0.20160,0.25056,1,0.40365,0.27685,0,,0.34996,0.36390,8.43082,0.92006,1,0.69995,0.25918,10.68764,0.92313,1,0,0.00000,17,
0,NewMedia,6950,114.17735,507548298855,0.24781,0.27335,113.58619,0.59116,272,1,0.20493,0.35734,1,0.36042,0.29907,0,,0.35001,0.36422,7.92055,0.88892,1,0.69972,0.26009,10.54983,0.89178,1,0,0.00000,16,
0,NewMedia,7007,115.11381,507557663423,0.21080,0.35788,114.19401,0.91980,273,1,0.19646,0.41952,1,0.23229,0.36019,0,,0.35473,0.36578,8.21328,0.88438,1,0.70557,0.26535,11.29688,0.89178,1,0,0.00000,16,
0,NewMedia,7023,115.37695,507560294790,0.19630,0.45839,115.13038,0.24657,274,1,0.20049,0.51946,1,0.23177,0.36019,0,,0.35401,0.37251,9.37582,0.91551,1,0.70396,0.26640,11.47029,0.91837,1,0,0.00000,16,
0,NewMedia,7040,115.65618,507563087278,0.25979,0.49989,115.39332,0.26286,275,1,0.28137,0.52062,1,0.23177,0.36019,0,,0.35289,0.36966,9.14281,0.89735,1,0.70363,0.26538,10.78511,0.90475,1,0,0.00000,15,
0,NewMedia,7058,115.95181,507566043460,0.25093,0.49894,115.67255,0.27925,276,1,0.20091,0.39938,1,0.23177,0.36019,0,,0.35246,0.36696,7.50281,0.88892,1,0.70272,0.26630,11.22220,0.89178,1,0,0.00000,15,
0,NewMedia,7105,116.72401,507573765495,0.20633,0.37335,115.96830,0.75571,277,1,0.20414,0.40960,1,0.23177,0.36019,0,,0.35148,0.36784,7.88876,0.90709,1,0.70207,0.26707,10.53259,0.91017,1,0,0.00000,15,
0,NewMedia,7124,117.03603,507576885677,0.24717,0.55506,116.78967,0.24637,278,1,0.21595,0.82627,1,0.23177,0.36019,0,,0.35300,0.37840,8.19429,0.90665,1,0.70226,0.27422,11.04848,0.90518,1,0,0.00000,15,
0,NewMedia,7153,117.51267,507581652143,0.21124,0.79874,117.10197,0.41071,279,1,0.26046,0.77111,1,0.23177,0.36019,0,,0.35160,0.37722,8.38657,0.89757,1,0.70248,0.27244,11.45744,0.90042,1,0,0.00000,15,
0,NewMedia,7198,118.25176,507589043069,1.02705,0.37717,117.77515,0.47661,280,1,1.00806,0.42944,1,0.98281,0.38519,0,,0.38074,0.36901,8.78377,0.86233,1,0.73069,0.26623,10.06081,0.86519,1,0,0.00000,15,
0,NewMedia,7220,118.61320,507592657329,1.02491,0.35472,118.26817,0.34503,281,1,1.03306,0.31515,1,0.99740,0.35370,0,,0.38043,0.36956,9.26018,0.88438,1,0.73054,0.26592,10.31518,0.89178,1,0,0.00000,15,
0,NewMedia,7246,119.04029,507596928251,0.17667,0.59062,118.77746,0.26283,282,1,0.22853,0.80704,1,0.99740,0.35370,0,,0.35688,0.38223,9.57992,0.89691,1,0.70528,0.27805,12.35348,0.89544,1,0,0.00000,15,
0,NewMedia,7265,119.35233,507600048692,0.20930,0.80104,119.10598,0.24635,283,1,0.21338,0.75516,1,0.98490,0.48056,0,,0.35145,0.38088,9.12209,0.89878,1,0.70138,0.27494,11.30489,0.90185,1,0,0.00000,15,
0,NewMedia,7289,119.74673,507603992690,0.20303,0.79252,119.36893,0.37779,284,1,0.20794,0.72784,1,0.98542,0.53704,0,,0.35184,0.38058,9.15903,0.89757,1,0.70271,0.27595,11.71130,0.89610,1,0,0.00000,14,
0,NewMedia,7311,120.10825,507607608001,0.23462,0.78823,119.76325,0.34500,285,1,0.34563,0.87929,1,0.98542,0.54074,0,,0.35622,0.38246,8.43255,0.91053,1,0.70631,0.27747,10.99243,0.90907,1,0,0.00000,14,
0,NewMedia,7339,120.56805,507612205911,0.46711,0.90624,120.27235,0.29570,286,1,0.50641,0.66062,1,0.98542,0.58426,0,,0.35871,0.38095,8.60061,0.86233,1,0.70853,0.27553,10.25791,0.86519,1,0,0.00000,14,
0,NewMedia,7356,120.84739,507614999365,0.45055,0.82957,120.58448,0.26291,287,1,0.26692,0.88806,1,0.98542,0.58519,0,,0.35048,0.38503,9.21814,0.90145,1,0.69954,0.27907,10.47265,0.89998,1,0,0.00000,14,
0,NewMedia,7370,121.07728,507617298215,0.41246,1.08767,120.91315,0.16412,288,1,0.55190,1.48620,1,0.98542,0.58519,0,,0.35025,0.38725,6.85814,0.92870,0,0.70581,0.27943,9.26208,0.93178,1,0,0.00000,14,
0,NewMedia,7390,121.40586,507620583984,0.59616,0.74829,121.19288,0.21298,289,1,0.39872,0.78010,1,0.96979,0.53611,0,,0.35749,0.37774,7.32259,0.89346,1,0.70472,0.27011,10.22769,0.89654,1,0,0.00000,14,
0,NewMedia,7413,121.78396,507624364967,0.25026,0.39076,121.52113,0.26283,290,1,0.22654,0.35845,1,0.96302,0.49167,0,,0.34776,0.36371,7.68707,0.90771,1,0.69841,0.26151,10.51658,0.91057,1,0,0.00000,14,
0,NewMedia,7429,122.04676,507626992950,0.24607,0.40406,121.80019,0.24657,291,1,0.22315,0.34300,1,0.96094,0.45463,0,,0.34675,0.36414,7.35849,0.90277,1,0.69706,0.26254,10.80470,0.91017,1,0,0.00000,14,
0,NewMedia,7453,122.44106,507630935964,0.19574,0.35911,122.11257,0.32849,292,1,0.28370,0.50563,1,0.96146,0.42222,0,,0.34879,0.37179,8.13174,0.89757,1,0.69907,0.26491,10.28789,0.90042,1,0,0.00000,14,
0,NewMedia,7470,122.72071,507633732553,0.26418,0.42837,122.50657,0.21414,293,1,0.23698,0.12022,1,0.96510,0.36296,0,,0.34891,0.36043,7.51828,0.89324,1,0.69833,0.25525,10.46451,0.89178,1,0,0.00000,14,
0,NewMedia,7500,123.21313,507638656609,0.24216,0.20632,122.78585,0.42728,294,1,0.25069,0.17040,1,0.95729,0.32037,0,,0.35103,0.35984,7.56515,0.89779,1,0.70057,0.25549,10.61836,0.89632,1,0,0.00000,14,
0,NewMedia,7522,123.57442,507642269675,0.25348,0.15617,123.22938,0.34505,295,1,0.21730,0.15169,1,0.49687,0.23981,0,,0.34383,0.35537,7.94056,0.89412,1,0.69189,0.24637,9.91916,0.90152,1,0,0.00000,14,
0,NewMedia,7546,123.96891,507646214520,0.21814,0.13985,123.59080,0.37811,296,1,0.21230,0.14150,1,0.12083,0.08704,0,,0.33999,0.35452,7.94738,0.83258,1,0.68837,0.24334,10.04780,0.84373,1,0,0.00000,14,
0,NewMedia,7551,124.05094,507647034764,0.21389,0.06845,123.98533,0.06561,297,1,0.21816,0.06388,1,0.12083,0.08704,0,,0.34194,0.35703,7.93626,0.87221,1,0.69058,0.24813,9.98485,0.87881,1,0,0.00000,14,
0,NewMedia,7558,124.16596,507648185065,0.20232,0.06835,124.11677,0.04919,298,1,0.20988,0.04226,1,0.13125,0.08704,0,,0.34020,0.35485,8.43082,0.86233,1,0.68890,0.24676,10.40443,0.86519,1,0,0.00000,14,
0,NewMedia,7594,124.75745,507654099986,0.20203,0.06788,124.28095,0.47650,299,1,0.20652,0.12576,1,0.19688,0.10926,0,,0.33710,0.35625,8.52209,0.83179,1,0.68586,0.24622,9.81124,0.83839,1,0,0.00000,14,
0,NewMedia,7626,125.28309,507659356296,0.55466,-0.06969,124.92158,0.36151,300,1,0.50775,0.02318,1,0.19688,0.10926,0,,0.35193,0.35860,7.14033,0.87324,1,0.68110,0.28092,12.73566,0.88161,1,0,0.00000,14,
0,NewMedia,7633,125.39820,507660507429,0.33765,0.16915,125.34864,0.04956,301,1,0.31628,0.14935,1,0.19688,0.10926,0,,0.34788,0.36327,7.50448,0.97486,1,0.69673,0.25769,10.21853,0.97289,1,0,0.00000,14,
0,NewMedia,7678,126.13729,507667898361,0.33494,0.06967,125.85822,0.27907,302,1,0.19867,0.45106,1,0.19688,0.10926,0,,0.35990,0.36324,7.36301,0.87529,0,0.70462,0.26543,9.65130,0.87815,1,0,0.00000,15,
0,NewMedia,7688,126.30155,507669540960,0.22965,0.41850,126.20306,0.09850,303,1,0.27855,0.27061,0,0.19688,0.10926,0,,0.35990,0.36324,7.36301,0.89412,0,0.70287,0.26740,9.12229,0.90152,0,527,0.00000,15,
0,NewMedia,7729,126.97524,507676277835,0.46325,0.79884,126.76171,0.21353,304,1,0.47601,0.82807,1,0.19688,0.10926,0,,0.35988,0.37882,7.12640,0.90211,1,0.70833,0.27185,9.38768,0.90518,1,0,0.00000,16,
0,NewMedia,7740,127.15600,507678085391,0.42871,0.94869,126.99165,0.16435,305,1,0.40052,1.10347,0,0.19688,0.10926,0,,0.35851,0.37810,6.64095,0.89258,0,0.70688,0.27200,9.05898,0.89544,0,528,0.00000,16,
0,NewMedia,7804,128.20737,507688598984,0.47298,0.44467,127.96113,0.24623,306,1,0.47172,0.35282,1,0.19688,0.10926,0,,0.70547,0.26343,9.18042,0.89691,1,0.70688,0.27200,9.05898,0.89544,0,0,0.00000,17,
0,NewMedia,7823,128.51947,507691720148,0.47429,0.42243,128.22394,0.29553,307,1,0.46455,0.29504,1,0.19688,0.10926,0,,0.70425,0.26555,8.97534,0.87097,1,0.70688,0.27200,9.05898,0.86951,0,0,0.00000,17,
0,NewMedia,7841,128.81537,507694678991,0.48168,0.37483,128.53607,0.27930,308,1,0.48881,0.49977,1,0.19688,0.10926,0,,0.70806,0.26661,9.17739,0.87529,1,0.70688,0.27200,9.05898,0.87815,0,0,0.00000,17,
0,NewMedia,7866,129.22635,507698789031,0.48549,0.46147,128.83163,0.39473,309,1,0.51206,0.39685,1,0.19688,0.10926,0,,0.70927,0.26847,9.76205,0.88394,1,0.70688,0.27200,9.05898,0.88247,0,0,0.00000,17,
0,NewMedia,7886,129.55444,507702069927,0.36036,0.83354,129.34088,0.21358,310,1,0.30942,0.97614,1,0.19688,0.10926,0,,0.35783,0.38098,7.56865,0.91962,1,0.70698,0.27673,9.32313,0.92269,1,0,0.00000,17,
0,NewMedia,7915,130.03098,507706835191,0.31327,1.00828,129.57086,0.46011,311,1,0.29452,1.02368,1,0.19688,0.10926,0,,0.35806,0.38350,6.72905,0.93929,1,0.70719,0.27841,8.66127,0.93782,1,0,0.00000,17,
0,NewMedia,7926,130.21167,507708642061,0.30150,1.00079,130.04739,0.16426,312,1,0.30255,0.93853,0,0.19688,0.10926,0,,0.35791,0.38236,7.90049,0.90621,0,0.70680,0.27741,9.16342,0.91361,0,529,0.00000,17,
0,NewMedia,7967,130.88525,507715378001,0.41885,0.63064,130.67169,0.21356,313,1,0.42394,0.58174,1,0.19688,0.10926,0,,0.36180,0.37116,6.77227,0.92870,0,0.71146,0.26557,9.90297,0.93178,1,0,0.00000,18,
0,NewMedia,7988,131.23035,507718828745,0.40098,0.52728,130.90152,0.32883,314,1,0.38976,0.43229,0,0.19688,0.10926,0,,0.36180,0.37116,6.77227,0.90599,0,0.70852,0.26220,7.84814,0.90453,0,530,0.00000,18,
0,NewMedia,8039,132.06815,507727206841,0.33155,0.07162,131.78879,0.27936,315,1,0.33663,0.03029,1,0.19688,0.10926,0,,0.34947,0.35000,7.93785,0.87530,1,0.69896,0.24498,9.96474,0.87815,1,0,0.00000,19,
0,NewMedia,8088,132.87299,507735255255,0.33903,0.05034,132.08463,0.78836,316,1,0.32761,0.02639,0,0.19688,0.10926,0,,0.35140,0.35049,7.92682,0.87595,0,0.70160,0.24692,8.88037,0.87881,0,531,0.00000,19,
0,NewMedia,8126,133.49741,507741499350,0.44165,0.03220,133.23456,0.26285,317,1,0.47822,-0.01048,1,0.19688,0.10926,0,,0.35208,0.35512,8.36353,0.90599,1,0.70054,0.24938,10.20892,0.90453,1,0,0.00000,20,
0,NewMedia,8183,134.43353,507750860828,0.41845,0.00662,133.90808,0.52545,318,1,0.48242,-0.01686,1,0.40417,0.11296,0,,0.34924,0.35548,7.93157,0.91097,1,0.69847,0.24912,9.66558,0.91837,1,0,0.00000,21,
0,NewMedia,8199,134.69672,507753492422,0.44550,0.03865,134.45020,0.24651,319,1,0.40564,0.12602,1,0.40417,0.11296,0,,0.35281,0.35362,8.00711,0.87551,1,0.70185,0.24972,10.22705,0.87859,1,0,0.00000,21,
0,NewMedia,8229,135.18951,507758420485,0.40455,0.08749,134.71301,0.47650,320,1,0.40028,0.11307,1,0.40417,0.11296,0,,0.35685,0.35061,8.07797,0.88482,1,0.70678,0.24845,10.42117,0.88335,1,0,0.00000,21,
0,NewMedia,8258,135.66599,507763185179,0.40309,0.15748,135.20609,0.45988,321,1,0.40289,0.10107,1,0.40417,0.11296,0,,0.35439,0.35000,9.24276,0.88914,1,0.70373,0.24697,10.60281,0.89222,1,0,0.00000,21,
0,NewMedia,8283,136.07663,507767291717,0.42499,0.03956,135.68274,0.39389,322,1,0.39437,0.00211,1,0.40469,0.15370,0,,0.35119,0.34980,8.94805,0.92870,1,0.70118,0.24562,11.05150,0.93178,1,0,0.00000,21,
0,NewMedia,8301,136.37228,507770248303,0.41304,0.08297,136.09296,0.27934,323,1,0.39875,0.17038,1,0.40260,0.16204,0,,0.34973,0.35315,9.10226,0.89390,1,0.69991,0.24822,10.59845,0.89676,1,0,0.00000,21,
0,NewMedia,8311,136.53659,507771891384,0.40138,0.22374,136.43808,0.09853,324,1,0.40496,0.18713,1,0.40260,0.16204,0,,0.35005,0.35766,9.24971,0.90145,1,0.69929,0.25153,11.26993,0.90453,1,0,0.00000,21,
0,NewMedia,8366,137.43997,507780925079,0.22266,-0.37158,137.34146,0.09850,325,1,0.40038,0.15640,1,0.40260,0.16204,0,,0.34962,0.35677,9.87165,0.92870,1,0.69805,0.24722,10.89565,0.93178,1,0,0.00000,22,
0,NewMedia,8374,137.57141,507782239572,0.40566,0.10982,137.50580,0.06561,326,1,0.40726,-0.11181,1,0.40260,0.16204,0,,0.34796,0.35077,8.38285,1.03376,1,0.69698,0.24671,10.48247,1.09566,1,0,0.00000,22,
0,NewMedia,8381,137.68637,507783389038,0.38731,-0.26136,137.63721,0.04915,327,1,0.38905,-0.13085,1,0.40260,0.16204,0,,0.34729,0.35134,8.34950,1.11486,1,0.69614,0.24636,10.42117,1.06606,1,0,0.00000,22,
0,NewMedia,8444,138.72147,507793740156,0.40036,0.16176,137.75223,0.96925,328,1,0.40139,0.20661,1,0.38854,0.22593,0,,0.34653,0.35235,9.78910,0.88394,1,0.69624,0.24682,10.79263,0.88247,1,0,0.00000,22,
0,NewMedia,8461,139.00076,507796532896,0.36444,0.24786,138.73795,0.26280,329,1,0.22550,0.51863,1,0.38854,0.22593,0,,0.33797,0.36487,9.70600,0.90361,1,0.68664,0.25716,11.41275,0.91101,1,0,0.00000,22,
0,NewMedia,8485,139.39505,507800475958,0.21557,0.57614,139.16507,0.22998,330,1,0.29817,0.57768,1,0.38854,0.22593,0,,0.33967,0.36689,7.90090,0.89691,1,0.68933,0.25862,11.00910,0.89544,1,0,0.00000,22,
0,NewMedia,8499,139.62500,507802775506,0.27855,0.52865,139.41156,0.21344,331,1,0.23789,0.28116,1,0.38854,0.22593,0,,0.33524,0.36007,7.93329,0.89258,1,0.68389,0.25270,10.85918,0.89566,1,0,0.00000,22,
0,NewMedia,8519,139.95361,507806061656,0.23671,0.29567,139.69092,0.26270,332,1,0.23486,0.32169,1,0.38854,0.22593,0,,0.34014,0.35986,7.50429,0.89013,1,0.68995,0.25676,10.07180,0.89753,1,0,0.00000,22,
0,NewMedia,8537,140.24957,507809021006,0.30058,0.29054,139.97009,0.27948,333,1,0.40736,0.21205,1,0.38594,0.33056,0,,0.34843,0.35721,7.98616,0.90665,1,0.69702,0.25218,10.45910,0.90519,1,0,0.00000,22,
0,NewMedia,8557,140.57800,507812305375,0.42057,0.21186,140.26642,0.31158,334,1,0.46853,0.17986,1,0.38594,0.33056,0,,0.35089,0.35609,8.34882,0.92643,1,0.69972,0.25040,9.90076,0.92497,1,0,0.00000,21,
0,NewMedia,8574,140.85736,507815098866,0.45395,0.22291,140.59451,0.26283,335,1,0.21892,0.36957,1,0.38594,0.33056,0,,0.34933,0.35819,7.39542,0.94006,0,0.68997,0.25880,10.78656,0.93859,1,0,0.00000,21,
0,NewMedia,8583,141.00534,507816578870,0.20539,0.38448,140.92285,0.08250,336,1,0.19937,0.40099,0,0.38594,0.33056,0,,0.34933,0.35819,7.39542,0.92416,0,0.68927,0.25794,9.77539,0.92724,0,534,0.00000,21,
0,NewMedia,8605,141.36655,507820191008,0.22797,0.48915,141.31732,0.04922,337,1,0.23103,0.44368,1,0.38594,0.33056,0,,0.34590,0.36726,8.53917,0.92870,1,0.69460,0.26043,10.83767,0.93178,1,0,0.00000,22,
0,NewMedia,8636,141.87576,507825282982,0.22584,0.20843,141.48172,0.39404,338,1,0.22847,0.33585,1,0.38073,0.32685,0,,0.33849,0.36309,7.09139,0.91724,1,0.68910,0.26012,10.77495,0.92031,1,0,0.00000,22,
0,NewMedia,8652,142.13901,507827915490,0.19862,0.21048,141.94165,0.19736,339,1,0.20518,0.11614,1,0.23333,0.18426,0,,0.33900,0.36274,7.40564,0.86233,0,0.69191,0.24791,10.28604,0.86519,1,0,0.00000,22,
0,NewMedia,8675,142.51657,507831691113,0.21791,0.08823,142.15512,0.36143,340,1,0.23671,0.05347,1,0.19323,0.10833,0,,0.34348,0.35423,8.28349,0.86233,1,0.69342,0.24892,10.43894,0.86519,1,0,0.00000,22,
0,NewMedia,8691,142.77933,507834318616,0.29648,0.04173,142.53290,0.24643,341,1,0.54176,-0.03666,1,0.20313,0.11204,0,,0.35556,0.35203,8.44497,0.90405,1,0.70509,0.24696,10.60240,0.90691,1,0,0.00000,22,
0,NewMedia,8711,143.10806,507837605995,0.51967,0.00696,142.84509,0.26297,342,1,0.38088,0.20281,1,0.20313,0.11204,0,,0.35192,0.35802,9.04623,0.89403,1,0.70100,0.25426,11.33379,0.88752,1,0,0.00000,22,
0,NewMedia,8741,143.60083,507842533563,0.39583,0.22128,143.17355,0.42728,343,1,0.54081,0.27970,1,0.20313,0.11204,0,,0.35746,0.36277,9.35616,0.93475,1,0.70599,0.26034,11.23819,0.93782,1,0,0.00000,22,
0,NewMedia,8758,143.88019,507845327302,0.54640,0.38287,143.66653,0.21367,344,1,0.58486,0.66514,1,0.20313,0.11204,0,,0.36058,0.37980,7.88896,0.89757,1,0.70842,0.26879,10.75855,0.89610,1,0,0.00000,22,
0,NewMedia,8806,144.66852,507853210736,0.66564,0.59143,144.43860,0.22993,345,1,0.51656,0.35573,0,0.29792,0.65648,0,,0.33518,0.38270,9.13519,0.91053,0,0.68441,0.30014,9.83814,0.90907,0,0,0.00000,22,
0,NewMedia,8818,144.86572,507855182588,0.41028,0.31492,144.78354,0.08218,346,1,0.47264,0.50547,1,0.23385,0.70370,0,,0.33829,0.38749,7.80361,0.94383,0,0.68605,0.30018,9.34837,0.94691,1,0,0.00000,21,
0,NewMedia,8837,145.17810,507858306299,0.48459,0.79700,144.98071,0.19739,347,1,0.45836,1.22671,1,0.40781,0.85741,0,,0.34528,0.39299,6.76452,0.92582,1,0.69126,0.29568,9.85000,0.92385,1,0,0.00000,21,
0,NewMedia,8865,145.63785,507862903995,0.51939,1.01034,145.39139,0.24648,348,1,0.57156,1.01684,1,0.67656,0.99074,0,,0.35712,0.39997,6.92569,0.90261,0,0.70266,0.31278,9.81537,0.90064,1,0,0.00000,20,
0,NewMedia,8885,145.96649,507866190189,0.59667,0.84615,145.70383,0.26265,349,1,0.59971,0.86932,1,0.64948,0.95370,0,,0.35279,0.40506,9.19208,0.88504,1,0.70250,0.31171,9.50377,0.88790,1,0,0.00000,20,
0,NewMedia,8910,146.37711,507870296468,0.63693,0.86004,145.98288,0.39424,350,1,0.68473,0.86773,1,0.65781,0.97037,0,,0.35459,0.40808,8.64458,0.89014,1,0.70369,0.31707,10.09800,0.87970,1,0,0.00000,20,
0,NewMedia,8933,146.75534,507874078916,0.65134,0.83349,146.39349,0.36185,351,1,0.63970,0.75650,1,0.66771,0.97870,0,,0.35533,0.41161,8.41322,0.88394,1,0.70540,0.31732,11.05133,0.88248,1,0,0.00000,20,
0,NewMedia,8963,147.24783,507879003630,0.64457,0.79211,146.77142,0.47641,352,1,0.70674,0.85702,1,0.66771,0.97870,0,,0.35312,0.41657,7.64574,0.92062,1,0.70270,0.32216,10.26974,0.91411,1,0,0.00000,20,
0,NewMedia,8984,147.59271,507882452487,0.52568,0.52729,147.36295,0.22977,353,1,0.55320,0.45047,1,0.66979,0.88796,0,,0.35223,0.40360,8.08844,0.93475,1,0.69967,0.30950,10.06328,0.93782,1,0,0.00000,20,
0,NewMedia,9001,147.87238,507885249119,0.59988,0.46749,147.60934,0.26303,354,1,0.58744,0.54518,1,0.64427,0.50556,0,,0.35409,0.39739,8.56006,0.92566,1,0.70386,0.30139,10.30794,0.92420,1,0,0.00000,20,
0,NewMedia,9027,148.29929,507889518270,0.59853,0.53580,147.88876,0.41052,355,1,0.54259,0.31810,0,0.64688,0.28056,0,,0.35866,0.39232,7.19534,0.91053,0,0.70777,0.30142,7.92568,0.91361,0,536,0.00000,19,
0,NewMedia,9065,148.92371,507895762397,0.59612,0.31956,148.66150,0.26221,356,1,0.59766,0.46068,1,0.47760,0.27315,0,,0.35725,0.39177,7.67534,0.92970,1,0.70513,0.29738,9.96418,0.92774,1,0,0.00000,20,
0,NewMedia,9087,149.28513,507899376743,0.59671,0.38675,148.94009,0.34503,357,1,0.56904,0.42431,1,0.48490,0.25648,0,,0.35817,0.39071,7.43581,0.94006,1,0.70657,0.29642,10.09005,0.94313,1,0,0.00000,19,
0,NewMedia,9102,149.53152,507901840533,0.57689,0.37384,149.30170,0.22981,358,1,0.52191,0.17769,1,0.48490,0.25648,0,,0.35385,0.38208,8.58802,0.89691,1,0.70073,0.28571,10.11469,0.89998,1,0,0.00000,19,
0,NewMedia,9133,150.04086,507906934071,0.51065,0.16688,149.59735,0.44351,359,1,0.61073,0.44681,1,0.48490,0.25648,0,,0.35469,0.38715,8.70804,0.92212,1,0.70086,0.29429,10.81716,0.91561,1,0,0.00000,18,
0,NewMedia,9150,150.32007,507909726006,0.59540,0.33306,150.10666,0.21339,360,1,0.59567,0.25999,1,0.48646,0.24074,0,,0.35230,0.38760,8.99377,0.95114,1,0.69928,0.29364,10.91255,0.94464,1,0,0.00000,18,
0,NewMedia,9176,150.74704,507913995830,0.58093,0.28628,150.33640,0.41066,361,1,0.50630,-0.18259,0,0.48594,0.23519,0,,0.34719,0.38930,8.72173,0.95896,0,0.69457,0.29133,10.34777,0.96204,0,537,0.00000,18,
0,NewMedia,9195,151.05939,507917119377,0.72496,0.55375,151.00998,0.04942,362,1,0.66568,-0.25139,1,0.48542,0.23426,0,,0.96699,0.58522,10.29436,0.92870,1,0.69457,0.29133,10.34777,0.93178,0,0,0.00000,19,