MEDIA_ID,MEDIA_NAME,CNT,TIME(2025/03/04 09:21:02.648),TIMETICK(f=10000000),FPOGX,FPOGY,FPOGS,FPOGD,FPOGID,FPOGV,BPOGX,BPOGY,BPOGV,CX,CY,CS,USER,LPCX,LPCY,LPD,LPS,LPV,RPCX,RPCY,RPD,RPS,RPV,BKID,BKDUR,BKPMIN,
0,NewMedia,22,0.36134,537652777827,0.47538,0.20272,0.00000,0.36135,1,1,0.45829,0.23596,1,0.46979,0.23056,0,,0.46620,0.73387,11.40269,1.01436,1,0.78664,0.71593,11.79276,1.02747,1,0,0.00000,15,
0,NewMedia,43,0.70621,537656226420,0.47381,0.17799,0.37785,0.32835,2,1,0.47480,0.17764,1,0.49948,0.39259,0,,0.46382,0.73303,10.91176,1.07396,1,0.78509,0.71674,11.85762,1.06085,1,0,0.00000,15,
0,NewMedia,89,1.46217,537663786066,0.56720,0.34510,1.11710,0.34506,3,1,0.59634,0.64789,1,0.62552,0.95833,0,,0.46715,0.74112,10.81261,1.09303,1,0.78770,0.72590,10.27355,1.07992,1,0,0.00000,15,
0,NewMedia,105,1.72495,537666413811,0.62306,0.81100,1.52779,0.19715,4,1,0.61161,0.99690,1,0.63229,0.96204,0,,0.46923,0.74815,9.51959,1.01317,1,0.79089,0.73225,9.85427,1.02628,1,0,0.00000,15,
0,NewMedia,119,1.95490,537668713432,0.66553,0.92799,1.74135,0.21355,5,1,0.67220,1.00329,1,0.63229,0.96204,0,,0.47215,0.74780,10.58574,1.05131,1,0.79401,0.73307,10.57987,1.04416,1,0,0.00000,15,
0,NewMedia,135,2.21764,537671340736,0.65494,0.89895,1.97123,0.24641,6,1,0.64871,0.88253,1,0.62187,0.94352,0,,0.47315,0.74739,10.16427,1.05250,1,0.79529,0.73207,10.34992,1.04654,1,0,0.00000,15,
0,NewMedia,157,2.57930,537674957371,0.63597,0.89926,2.23428,0.34502,7,1,0.61534,0.82787,1,0.63333,0.99907,0,,0.47039,0.74436,9.25351,1.01317,1,0.79276,0.72947,10.34998,1.01317,1,0,0.00000,15,
0,NewMedia,185,3.03905,537679554952,0.65235,0.89735,2.59573,0.44332,8,1,0.64798,1.00461,1,0.63333,0.99815,0,,0.46836,0.74758,10.91365,1.01317,1,0.78968,0.73013,10.25247,1.01913,1,0,0.00000,15,
0,NewMedia,204,3.35135,537682677864,0.67738,0.88686,3.05544,0.29590,9,1,0.68213,0.77908,1,0.63333,0.99815,0,,0.46910,0.74406,11.54744,1.05965,1,0.79012,0.72651,11.91969,1.05965,1,0,0.00000,15,
0,NewMedia,224,3.67999,537685964349,0.67285,0.80261,3.36787,0.31213,10,1,0.59597,0.80403,1,0.56979,0.88333,0,,0.46564,0.74309,10.61633,1.04893,1,0.78632,0.72610,10.75933,1.03582,1,0,0.00000,14,
0,NewMedia,243,3.99210,537689085444,0.59428,0.76709,3.69637,0.29574,11,1,0.54451,0.65696,1,0.56979,0.88333,0,,0.46627,0.73706,10.15493,1.08111,1,0.78776,0.72140,10.40285,1.08111,1,0,0.00000,14,
0,NewMedia,268,4.40297,537693194108,0.43812,0.38435,4.05779,0.34517,12,1,0.39627,0.36603,1,0.56979,0.88333,0,,0.46543,0.73335,9.34883,1.05489,1,0.78716,0.71668,10.81865,1.06085,1,0,0.00000,14,
0,NewMedia,321,5.27345,537701898798,0.40138,0.39981,4.41922,0.85423,13,1,0.39782,0.37041,1,0.70521,0.21389,0,,0.45909,0.73642,7.71171,1.03105,1,0.77941,0.71626,10.30766,1.03105,1,0,0.00000,14,
0,NewMedia,341,5.60210,537705185404,0.37169,0.10841,5.38820,0.21391,14,1,-0.15989,0.62249,1,0.82135,0.02315,0,,0.44273,0.74028,11.26904,1.07872,1,0.79069,0.70359,8.82327,1.09184,1,0,0.00000,14,
0,NewMedia,381,6.25900,537711754343,0.82150,0.01726,5.66766,0.59134,15,1,0.81831,0.04207,1,0.84583,0.00741,0,,0.47735,0.71904,10.56067,0.96320,1,0.79787,0.70208,10.61731,0.95816,1,0,0.00000,13,
0,NewMedia,398,6.53841,537714548531,0.80097,0.07895,6.27547,0.26295,16,1,0.54223,0.26880,1,0.84583,0.00741,0,,0.47116,0.72434,10.97611,0.96824,1,0.79185,0.70923,10.91911,0.96824,1,0,0.00000,13,
0,NewMedia,419,6.88354,537717999832,0.53938,0.26921,6.60448,0.27907,17,1,0.52260,0.28113,1,0.54167,0.53056,0,,0.46541,0.72792,10.40733,1.05489,1,0.78690,0.71052,10.48331,1.05489,1,0,0.00000,12,
0,NewMedia,423,6.94932,537718657593,0.47005,0.28221,6.89993,0.04939,18,1,0.40819,0.28469,1,0.54167,0.53056,0,,0.45819,0.72764,10.25435,1.05489,1,0.77996,0.70984,11.49330,1.04893,1,0,0.00000,12,
0,NewMedia,468,7.68839,537726048274,0.13847,0.29943,7.01469,0.67371,19,1,0.15057,0.30388,1,0.21927,0.15093,0,,0.42208,0.72085,9.29860,1.02509,1,0.73669,0.68286,10.08618,1.03105,1,0,0.00000,12,
0,NewMedia,514,8.44423,537733606700,0.12459,0.08157,8.09935,0.34489,20,1,0.10659,0.02554,1,0.15729,0.10648,0,,0.47399,0.70194,8.74373,1.08349,1,0.78700,0.69060,9.81045,1.09660,1,0,0.00000,13,
0,NewMedia,551,9.05214,537739685737,0.10735,0.04824,8.46066,0.59147,21,1,0.26988,0.16027,1,0.14323,0.18241,0,,0.46726,0.71551,8.33685,1.09422,1,0.78242,0.70322,10.79200,1.09422,1,0,0.00000,13,
0,NewMedia,573,9.41344,537743298813,0.43746,0.31331,9.11779,0.29566,22,1,0.34915,0.11713,1,0.14167,0.11574,0,,0.46398,0.70914,8.89929,1.07396,1,0.78000,0.69434,10.28205,1.07396,1,0,0.00000,13,
0,NewMedia,591,9.70905,537746254838,0.23980,0.11175,9.47902,0.23003,23,1,0.11843,0.12857,1,0.14479,0.13241,0,,0.45416,0.69889,9.19751,1.00721,1,0.77112,0.68455,10.54165,1.00721,1,0,0.00000,13,
0,NewMedia,626,10.28431,537752007370,0.12726,0.10657,9.72575,0.55856,24,1,0.05514,0.23882,1,0.14740,0.11019,0,,0.39472,0.75458,5.35208,1.03701,1,0.76141,0.68344,10.49123,1.03701,1,0,0.00000,12,
0,NewMedia,637,10.46494,537753813872,0.43944,0.24527,10.39921,0.06574,25,1,0.45486,0.20012,1,0.14740,0.11019,0,,0.45742,0.70328,9.41053,1.12283,1,0.77177,0.68902,9.73170,1.12998,1,0,0.00000,12,
0,NewMedia,658,10.80996,537757263945,0.43505,0.20585,10.57998,0.22998,26,1,0.43002,0.24198,1,0.14740,0.11019,0,,0.46268,0.71016,9.20990,1.08468,1,0.77934,0.69818,10.22361,1.07872,1,0,0.00000,12,
0,NewMedia,681,11.18795,537761043883,0.43828,0.56703,10.92500,0.26295,27,1,0.41469,0.59103,1,0.14740,0.11019,0,,0.46323,0.73016,9.61175,1.00721,1,0.78245,0.71420,10.03743,1.01317,1,0,0.00000,12,
0,NewMedia,700,11.49995,537764163945,0.44279,0.64740,11.20432,0.29564,28,1,0.40639,0.60673,1,0.14740,0.11019,0,,0.47384,0.72164,9.23334,1.07992,1,0.79258,0.71488,9.18876,1.07277,1,0,0.00000,12,
0,NewMedia,738,12.12428,537770407312,0.46113,-0.53537,12.05849,0.06580,29,1,0.48842,-0.68579,1,0.14740,0.11019,0,,0.54144,0.64226,9.63849,1.06534,1,0.86146,0.67666,11.93392,1.06534,1,0,0.00000,12,
0,NewMedia,765,12.56762,537774840525,0.20335,0.08386,12.23920,0.32841,30,1,0.14983,0.03791,1,0.21354,0.23519,0,,0.49093,0.67421,11.15625,1.05580,1,0.81519,0.67341,11.59512,1.04984,1,0,0.00000,12,
0,NewMedia,769,12.63329,537775497402,0.22507,0.06175,12.58397,0.04934,31,1,0.37133,0.06079,1,0.23594,0.21389,0,,0.49810,0.67264,9.99849,1.00996,1,0.82318,0.67529,13.21279,1.00996,1,0,0.00000,12,
0,NewMedia,813,13.35637,537782728082,0.54630,0.01653,12.74844,0.60793,32,1,0.62547,0.03890,1,0.33802,0.25741,0,,0.53408,0.69020,11.16470,1.03105,1,0.86020,0.68126,11.80291,1.02509,1,0,0.00000,12,
0,NewMedia,829,13.61909,537785355221,0.54905,0.09539,13.37291,0.24618,33,1,0.36052,0.17672,1,0.33802,0.25741,0,,0.52635,0.70081,11.20933,1.01317,1,0.85249,0.68815,13.06175,1.01317,1,0,0.00000,12,
0,NewMedia,853,14.01344,537789298776,0.35899,0.16237,13.68484,0.32861,34,1,0.43590,0.26559,1,0.44063,0.31481,0,,0.50512,0.70660,10.92776,0.98887,1,0.83331,0.69314,11.98306,0.98291,1,0,0.00000,12,
0,NewMedia,888,14.58875,537795051938,0.43601,0.28287,14.07921,0.50954,35,1,0.42190,0.32725,1,0.43177,0.36019,0,,0.48269,0.72546,11.59745,0.99208,1,0.81205,0.70413,12.87166,0.99208,1,0,0.00000,11,
0,NewMedia,905,14.86765,537797840887,0.36185,0.29709,14.60471,0.26293,36,1,-0.61177,-0.20861,0,0.43177,0.36019,0,,0.44919,0.72782,24.21752,0.98337,0,0.81128,0.69761,18.40953,0.98337,0,528,0.00000,11,
0,NewMedia,931,15.29482,537802112586,0.32227,0.55506,15.22913,0.06569,37,1,0.35629,0.50824,1,0.43177,0.36019,0,,0.48664,0.73744,12.07654,0.98933,1,0.81858,0.72122,13.63717,0.99529,1,0,0.00000,12,
0,NewMedia,936,15.37706,537802934972,0.22863,0.73538,15.31131,0.06576,38,1,0.49050,0.43861,1,0.43177,0.36019,0,,0.49557,0.73172,11.23571,1.00125,1,0.82688,0.72035,12.34661,1.00125,1,0,0.00000,12,
0,NewMedia,953,15.65627,537805727221,0.40797,0.46798,15.44262,0.21366,39,1,-1.25794,1.80848,1,0.43177,0.36019,0,,0.44600,0.81530,48.73329,0.95816,1,0.81862,0.74849,6.90060,0.95311,1,0,0.00000,12,
0,NewMedia,985,16.18211,537810985421,0.63354,0.09696,15.72195,0.46015,40,1,0.59657,0.01949,1,0.43177,0.36019,0,,0.54322,0.72040,11.12010,0.96824,1,0.87483,0.73428,11.19641,0.96824,1,0,0.00000,12,
0,NewMedia,999,16.41199,537813284272,0.56876,0.14348,16.19845,0.21354,41,1,0.49085,0.35147,1,0.43177,0.36019,0,,0.53039,0.72831,11.03609,0.98108,1,0.86161,0.73621,11.73504,0.98612,1,0,0.00000,12,
0,NewMedia,1023,16.80621,537817226497,0.48190,0.36423,16.47760,0.32862,42,1,0.49451,0.40050,1,0.43177,0.36019,0,,0.51533,0.73152,12.35950,0.97833,1,0.84771,0.73414,13.32367,0.98337,1,0,0.00000,12,
0,NewMedia,1056,17.34853,537822649795,0.44507,0.66108,16.87202,0.47652,43,1,0.42303,0.61749,1,0.43177,0.36019,0,,0.50400,0.74013,11.40016,0.96320,1,0.83772,0.73879,11.54132,0.96320,1,0,0.00000,12,
0,NewMedia,1072,17.61115,537825276014,0.42540,0.61836,17.36491,0.24625,44,1,0.42611,0.34766,1,0.43177,0.36019,0,,0.50529,0.73237,10.69837,0.95816,1,0.84181,0.73422,11.06536,0.95816,1,0,0.00000,12,
0,NewMedia,1135,18.64622,537835626664,0.54421,0.20078,18.07137,0.57485,45,1,0.59976,0.08708,1,0.43177,0.36019,0,,0.50643,0.71706,11.51528,0.95816,1,0.83725,0.71328,11.55362,0.96320,1,0,0.00000,12,
0,NewMedia,1141,18.74486,537836612946,0.59717,0.11179,18.66263,0.08223,46,1,0.60822,0.12414,1,0.43177,0.36019,0,,0.50690,0.71779,10.67375,0.95311,1,0.83891,0.71473,11.08185,0.95816,1,0,0.00000,12,
0,NewMedia,1240,20.37130,537852877289,0.60623,0.07374,19.10624,1.26506,47,1,0.56245,0.20348,1,0.43177,0.36019,0,,0.49860,0.72703,11.77942,0.95816,1,0.82912,0.71642,12.02133,0.96320,1,0,0.00000,13,
0,NewMedia,1280,21.02842,537859448547,0.45005,0.31164,20.43700,0.59142,48,1,0.42439,0.24778,1,0.43177,0.36019,0,,0.49194,0.72987,11.15678,0.98337,1,0.82254,0.72340,12.08993,0.98337,1,0,0.00000,13,
0,NewMedia,1306,21.45560,537863720423,0.43570,0.24700,21.04504,0.41057,49,1,0.41925,0.22128,1,0.43177,0.36019,0,,0.48822,0.72488,11.39450,1.03105,1,0.81916,0.72056,12.34692,1.02509,1,0,0.00000,13,
0,NewMedia,1339,21.99767,537869141165,0.43897,0.25386,21.47210,0.52558,50,1,0.55763,0.23620,1,0.43177,0.36019,0,,0.50874,0.71542,12.44757,0.97329,1,0.84096,0.71953,13.19293,0.97329,1,0,0.00000,13,
0,NewMedia,1361,22.35914,537872755784,0.60817,0.14003,22.11279,0.24635,51,1,0.62029,0.11634,1,0.43177,0.36019,0,,0.52803,0.70718,11.83658,0.97008,1,0.85944,0.71025,12.31978,0.96412,1,0,0.00000,13,
0,NewMedia,1378,22.63836,537875547950,0.64481,0.04942,22.37566,0.26270,52,1,0.65892,-0.00825,1,0.43177,0.36019,0,,0.52850,0.70643,11.96436,1.01317,1,0.85979,0.71089,11.71151,1.01317,1,0,0.00000,13,
0,NewMedia,1409,23.14769,537880641257,0.65083,0.07818,22.65478,0.49291,53,1,0.56428,0.04526,1,0.43177,0.36019,0,,0.51479,0.70789,12.77485,0.96320,1,0.84603,0.71461,12.37641,0.96824,1,0,0.00000,13,
0,NewMedia,1433,23.54204,537884584742,0.58251,0.09799,23.16414,0.37790,54,1,0.55451,0.64628,1,0.43281,0.36019,0,,0.51312,0.70719,11.03156,0.96824,1,0.84506,0.71426,12.58272,0.96824,1,0,0.00000,13,
0,NewMedia,1441,23.67325,537885896826,0.55943,0.52893,23.60773,0.06552,55,1,0.54998,0.06312,1,0.43333,0.36019,0,,0.51060,0.70970,11.47326,0.96320,1,0.84273,0.71718,13.29012,0.95816,1,0,0.00000,13,
0,NewMedia,1478,24.28120,537891976326,0.46550,0.40871,23.78830,0.49290,56,1,0.42864,0.64161,1,0.47500,0.38796,0,,0.49885,0.73099,9.77571,0.98337,1,0.83127,0.73235,11.61385,0.98337,1,0,0.00000,12,
0,NewMedia,1496,24.57719,537894936231,0.40556,0.70079,24.34700,0.23019,57,1,-0.37950,1.50451,1,0.54115,0.37870,0,,0.47522,0.77090,18.31293,0.99529,1,0.83673,0.72030,12.51022,1.00125,1,0,0.00000,12,
0,NewMedia,1530,25.13554,537900519833,0.63104,0.08161,24.64254,0.49300,58,1,0.69601,0.05005,1,0.66406,0.20833,0,,0.51697,0.70877,11.48530,0.96320,1,0.84859,0.71760,11.73137,0.96320,1,0,0.00000,12,
0,NewMedia,1557,25.57906,537904954902,0.65536,0.06314,25.15175,0.42731,59,1,0.59525,0.05672,1,0.62604,0.10278,0,,0.52287,0.70854,11.58966,0.95816,1,0.85430,0.72421,12.03250,0.95816,1,0,0.00000,12,
0,NewMedia,1578,25.92405,537908404855,0.60406,0.06534,25.59534,0.32871,60,1,0.63043,0.04032,1,0.62240,0.10370,0,,0.51597,0.71150,11.83795,1.00125,1,0.84781,0.72273,11.80486,1.00125,1,0,0.00000,12,
0,NewMedia,1623,26.66333,537915797697,0.60570,0.09098,25.94059,0.72274,61,1,0.57862,0.17296,1,0.62187,0.10741,0,,0.50128,0.71538,12.26232,0.97833,1,0.83414,0.72026,12.58811,0.97329,1,0,0.00000,12,
0,NewMedia,1641,26.95916,537918756003,0.59664,0.15847,26.67979,0.27937,62,1,0.60463,0.10271,1,0.62187,0.10741,0,,0.50295,0.71499,12.08674,0.98337,1,0.83511,0.72090,12.77617,0.98337,1,0,0.00000,12,
0,NewMedia,1674,27.50119,537924176236,0.61477,0.12358,26.97571,0.52547,63,1,0.62808,0.18629,1,0.62187,0.10741,0,,0.49716,0.72095,11.42220,0.96320,1,0.82883,0.72614,12.22872,0.96320,1,0,0.00000,12,
0,NewMedia,1707,28.04343,537929598755,0.60589,0.19700,27.51764,0.52579,64,1,0.61750,0.22201,1,0.62344,0.12222,0,,0.49509,0.72354,12.39245,0.93799,1,0.82708,0.72678,13.48917,0.93799,1,0,0.00000,12,
0,NewMedia,1762,28.94698,537938634160,0.61483,0.21161,28.05983,0.88715,65,1,0.59811,0.23919,1,0.61510,0.23056,0,,0.49801,0.72331,12.55160,0.97329,1,0.83081,0.72823,13.20889,0.97329,1,0,0.00000,12,
0,NewMedia,1795,29.48904,537944054707,0.59175,0.22090,28.96354,0.52551,66,1,0.48897,0.33693,1,0.61510,0.23056,0,,0.48938,0.72686,12.15609,0.96824,1,0.82229,0.72957,12.17583,0.97329,1,0,0.00000,12,
0,NewMedia,1823,29.94910,537948655437,0.51403,0.29825,29.55460,0.39450,67,1,0.52875,0.11693,1,0.61510,0.23056,0,,0.49106,0.72276,10.43110,0.96824,1,0.82299,0.72674,11.41330,0.96824,1,0,0.00000,12,
0,NewMedia,1840,30.22838,537951448194,0.41428,0.12585,30.01484,0.21354,68,1,0.17121,0.10131,1,0.61510,0.23056,0,,0.47605,0.72081,10.59212,0.97329,1,0.80852,0.72528,12.46165,0.97329,1,0,0.00000,11,
0,NewMedia,1877,30.83619,537957526207,0.14654,0.13519,30.29404,0.54214,69,1,0.13336,0.17520,1,0.61510,0.23056,0,,0.47485,0.72166,9.80063,0.94807,1,0.80799,0.72456,10.98133,0.95311,1,0,0.00000,11,
0,NewMedia,1918,31.50970,537964261425,0.17876,0.17181,30.85270,0.65701,70,1,0.16046,0.24615,1,0.61510,0.23056,0,,0.47236,0.72180,9.61669,0.89981,1,0.80437,0.72036,11.18915,0.90485,1,0,0.00000,11,
0,NewMedia,1964,32.26558,537971820084,0.16925,0.19518,31.52621,0.73936,71,1,0.20323,0.21657,1,0.61510,0.23056,0,,0.46298,0.73361,10.59327,0.94951,1,0.79437,0.72040,11.84918,0.95888,1,0,0.00000,10,
0,NewMedia,1996,32.79128,537977077152,0.16707,0.25834,32.28199,0.50929,72,1,0.12181,0.25132,1,0.61510,0.23056,0,,0.46269,0.73625,11.82701,0.96824,1,0.79291,0.72261,12.77602,0.97329,1,0,0.00000,10,
0,NewMedia,2038,33.48108,537983975115,0.12215,0.26884,32.80769,0.67338,73,1,-0.46263,0.28523,1,0.31458,0.21204,0,,0.43863,0.73395,23.48510,0.92286,1,0.78891,0.71857,12.62692,0.92286,1,0,0.00000,10,
0,NewMedia,2057,33.79324,537987096911,0.13828,0.32928,33.59621,0.19704,74,1,-0.52276,1.07502,1,0.32135,0.35370,0,,0.43683,0.75741,6.66965,0.96320,1,0.79999,0.71514,13.13796,0.96824,1,0,0.00000,10,
0,NewMedia,2092,34.36834,537992847721,0.52984,0.21616,33.85899,0.50935,75,1,0.54099,0.27412,1,0.42917,0.38981,0,,0.48804,0.72656,12.10406,0.95311,1,0.81958,0.72109,12.21085,0.95816,1,0,0.00000,10,
0,NewMedia,2130,34.99236,537999088034,0.52888,0.24606,34.38489,0.60748,76,1,0.46424,0.25559,1,0.41563,0.45648,0,,0.47884,0.72727,11.98706,0.96320,1,0.81095,0.71716,13.98966,0.96320,1,0,0.00000,10,
0,NewMedia,2151,35.33775,538002541996,0.17083,0.16618,35.05819,0.27958,77,1,0.18008,0.29038,1,0.40312,0.57778,0,,0.45648,0.73384,12.41231,0.96320,1,0.78503,0.71237,12.89457,0.96916,1,0,0.00000,10,
0,NewMedia,2168,35.61674,538005331779,0.28758,0.47329,35.40326,0.21349,78,1,0.36296,0.45379,1,0.38333,0.49907,0,,0.46409,0.73661,11.33828,1.01913,1,0.79400,0.71721,13.03349,1.01913,1,0,0.00000,10,
0,NewMedia,2189,35.96197,538008784028,0.33969,0.44897,35.63319,0.32877,79,1,0.11893,0.38717,1,0.38333,0.50185,0,,0.45402,0.73823,11.94123,1.01317,1,0.78321,0.71600,13.11849,1.01913,1,0,0.00000,10,
0,NewMedia,2217,36.42191,538013383400,0.12175,0.39756,36.02771,0.39420,80,1,0.12724,0.13720,1,0.38333,0.50185,0,,0.45612,0.72624,11.50184,0.93799,1,0.78550,0.70990,12.83062,0.94303,1,0,0.00000,10,
0,NewMedia,2246,36.89838,538018148124,0.14373,0.19062,36.48772,0.41065,81,1,0.12325,0.26411,1,0.38333,0.50185,0,,0.46384,0.72312,11.88096,0.92790,1,0.79307,0.70864,13.19590,0.93294,1,0,0.00000,10,
0,NewMedia,2282,37.48969,538024061396,0.14492,0.12452,36.91470,0.57499,82,1,0.15727,0.08287,1,0.17760,0.08241,0,,0.46532,0.71844,10.19972,0.94807,1,0.79438,0.70398,11.43180,0.95311,1,0,0.00000,10,
0,NewMedia,2334,38.34418,538032606160,0.15538,0.13483,37.50616,0.83802,83,1,0.14701,0.09838,1,0.14583,0.09907,0,,0.47095,0.71327,9.77382,0.92790,1,0.80093,0.69827,11.12582,0.93294,1,0,0.00000,10,
0,NewMedia,2347,38.55766,538034741015,0.26138,0.20691,38.36030,0.19736,84,1,0.46803,0.31726,1,0.14583,0.09907,0,,0.48207,0.71718,10.57112,0.95528,1,0.81241,0.70093,10.47309,0.96464,1,0,0.00000,10,
0,NewMedia,2365,38.85326,538037696968,0.47569,0.37013,38.62333,0.22993,85,1,0.50225,0.45239,1,0.14583,0.09907,0,,0.48819,0.70542,10.57995,1.00125,1,0.81864,0.69114,11.71874,1.00721,1,0,0.00000,10,
0,NewMedia,2387,39.21500,538041314405,0.49813,0.41230,38.86985,0.34515,86,1,0.56554,0.10661,1,0.14583,0.09907,0,,0.50362,0.68854,11.65327,0.96824,1,0.83498,0.68247,13.05458,0.96824,1,0,0.00000,10,
0,NewMedia,2422,39.78972,538047061526,0.57915,0.08482,39.28027,0.50944,87,1,0.52517,0.32098,1,0.28906,0.27130,0,,0.52832,0.69587,10.66703,0.92790,1,0.86164,0.69414,11.37844,0.92790,1,0,0.00000,9,
0,NewMedia,2448,40.21686,538051332965,0.51341,0.48571,39.85548,0.36138,88,1,0.52305,0.66304,1,0.42448,0.30648,0,,0.53324,0.70552,11.26901,0.98337,1,0.86697,0.70946,12.15217,0.98337,1,0,0.00000,9,
0,NewMedia,2472,40.61102,538055274638,0.47380,0.65464,40.28320,0.32782,89,1,0.43124,0.66710,1,0.42552,0.31111,0,,0.52074,0.71985,10.58562,0.94807,1,0.85505,0.72255,11.69289,0.94807,1,0,0.00000,9,
0,NewMedia,2496,41.00548,538059219154,0.43506,0.65428,40.62782,0.37765,90,1,0.51145,0.53814,1,0.42552,0.31111,0,,0.51013,0.72376,10.38033,0.95311,1,0.84547,0.72360,11.43196,0.95907,1,0,0.00000,9,
0,NewMedia,2514,41.30127,538062177080,0.55218,0.35378,41.07111,0.23015,91,1,0.63412,0.11629,1,0.42552,0.31111,0,,0.52025,0.71691,12.18123,0.98704,1,0.85394,0.71703,12.35314,0.98704,1,0,0.00000,9,
0,NewMedia,2561,42.07320,538069896429,0.62057,0.09024,41.36684,0.70637,92,1,0.66304,0.14810,1,0.42552,0.31111,0,,0.52434,0.71367,11.83682,0.90773,1,0.85811,0.71181,12.24624,0.90773,1,0,0.00000,9,
0,NewMedia,2595,42.63190,538075483393,0.65762,0.07570,42.08970,0.54221,93,1,0.64490,0.14667,1,0.42552,0.31111,0,,0.52292,0.70987,12.60946,0.91782,1,0.85653,0.70634,12.69210,0.91277,1,0,0.00000,9,
0,NewMedia,2638,43.33840,538082548337,0.66735,0.08190,42.99313,0.34528,94,1,0.66110,0.08295,1,0.42552,0.31111,0,,0.58556,0.67606,12.31065,0.97099,1,0.91538,0.69394,12.81252,0.97695,1,0,0.00000,10,
0,NewMedia,2663,43.74899,538086654275,0.74262,0.06152,43.45327,0.29572,95,1,1.06671,-0.32956,1,0.42552,0.31111,0,,0.50685,0.59160,2.58510,0.92790,1,0.89547,0.65628,12.53609,0.92286,1,0,0.00000,10,
0,NewMedia,2697,44.30746,538092238950,0.75493,0.09928,43.86419,0.44327,96,1,0.56135,0.08100,1,0.42552,0.31111,0,,0.46542,0.60035,12.78503,0.87056,1,0.81231,0.62321,12.81083,0.86624,1,0,0.00000,10,
0,NewMedia,2818,46.29545,538112118906,0.55490,0.05693,44.37313,1.92232,97,1,0.54717,0.26173,1,0.55729,0.28426,0,,0.47097,0.60924,12.19893,0.84290,1,0.82158,0.63098,13.11523,0.84290,1,0,0.00000,10,
0,NewMedia,2859,46.96894,538118853812,0.53796,0.58884,46.75523,0.21371,98,1,0.53838,0.68678,1,0.55729,0.28333,0,,0.47389,0.63577,12.28689,0.87992,1,0.82637,0.65971,12.64915,0.87992,1,0,0.00000,11,
0,NewMedia,2896,47.57687,538124933034,0.54103,0.65980,46.98540,0.59146,99,1,0.49945,0.51340,1,0.55729,0.28333,0,,0.47441,0.62523,10.38455,0.86018,1,0.82656,0.65049,11.92383,0.86451,1,0,0.00000,11,
0,NewMedia,2900,47.64251,538125589428,0.48261,0.71019,47.59322,0.04929,100,1,0.50318,0.26753,1,0.55729,0.28333,0,,0.47763,0.61424,11.61241,0.85586,1,0.82776,0.63888,12.50214,0.85586,1,0,0.00000,11,
0,NewMedia,2923,48.02030,538129367354,0.49515,0.21796,47.70834,0.31197,101,1,0.54613,0.10179,1,0.55729,0.28333,0,,0.48313,0.61200,12.42537,0.84722,1,0.83281,0.63679,12.09170,0.85154,1,0,0.00000,11,
0,NewMedia,2976,48.89115,538138075872,0.55378,0.07295,48.03687,0.85428,102,1,0.54746,0.14221,1,0.55521,0.11111,0,,0.48032,0.61822,12.08003,0.84290,1,0.83093,0.64047,13.22669,0.84722,1,0,0.00000,11,
0,NewMedia,3022,49.64684,538145632766,0.54890,0.14900,48.90751,0.73933,103,1,0.54052,0.09905,1,0.55521,0.11111,0,,0.48009,0.62121,11.15792,0.87747,1,0.83075,0.64390,12.85243,0.87747,1,0,0.00000,11,
0,NewMedia,3055,50.18884,538151052791,0.55561,0.14444,49.66322,0.52562,104,1,0.55422,0.20348,1,0.54219,0.15648,0,,0.47936,0.62273,12.00052,0.85586,1,0.82979,0.64308,13.25500,0.85586,1,0,0.00000,10,
0,NewMedia,3112,51.12528,538160417174,0.55379,0.18376,50.20516,0.92012,105,1,0.55680,0.08401,1,0.54219,0.15648,0,,0.48036,0.62652,11.97718,0.89476,1,0.83095,0.64841,13.80106,0.89044,1,0,0.00000,10,
0,NewMedia,3152,51.78237,538166988037,0.53825,0.13794,51.14173,0.64064,106,1,0.34327,0.28110,1,0.54219,0.15648,0,,0.48086,0.63214,12.18066,0.87459,1,0.83163,0.65765,13.83498,0.86523,1,0,0.00000,10,
0,NewMedia,3191,52.42321,538173396536,0.15393,0.34718,51.84834,0.57487,107,1,0.15065,0.30865,1,0.46771,0.17870,0,,0.44549,0.64341,9.38856,0.83166,1,0.79784,0.65136,11.74656,0.83166,1,0,0.00000,9,
0,NewMedia,3253,53.44176,538183582100,0.14482,0.33127,52.43963,1.00214,108,1,0.15189,0.50747,1,0.40781,0.23426,0,,0.44814,0.64901,10.65419,0.83166,1,0.79943,0.65271,11.83862,0.83166,1,0,0.00000,9,
0,NewMedia,3342,54.90408,538198205060,0.18489,0.35106,53.45823,1.44585,109,1,0.18669,0.32048,1,0.18906,0.36944,0,,0.44907,0.64959,12.04497,0.85586,1,0.80106,0.65380,13.02654,0.85586,1,0,0.00000,9,
0,NewMedia,3378,55.49548,538204119081,0.18859,0.28118,54.92008,0.57539,110,1,0.20775,0.23504,1,0.18281,0.36667,0,,0.44757,0.64571,11.63747,0.83339,1,0.79950,0.65198,13.00150,0.83339,1,0,0.00000,9,
0,NewMedia,3403,55.90607,538208225118,0.17330,0.23822,55.51196,0.39412,111,1,0.19390,0.28861,1,0.19688,0.36481,0,,0.44766,0.65151,12.11537,0.82791,1,0.79839,0.65528,13.50948,0.82416,1,0,0.00000,9,
0,NewMedia,3425,56.26737,538211838144,0.19677,0.30663,55.92255,0.34482,112,1,0.16534,0.34793,1,0.15104,0.36204,0,,0.43868,0.66384,12.68837,0.84405,1,0.78932,0.65402,14.55287,0.85212,1,0,0.00000,9,
0,NewMedia,3479,57.15464,538220710723,0.16995,0.34503,56.28394,0.87070,113,1,0.20825,0.36651,1,0.17708,0.35833,0,,0.45451,0.65403,10.80150,0.86883,1,0.80401,0.65045,13.24929,0.86883,1,0,0.00000,9,
0,NewMedia,3516,57.76270,538226791386,0.19770,0.39917,57.17104,0.59166,114,1,0.17175,0.26046,1,0.17708,0.35833,0,,0.45934,0.64497,9.79050,0.86883,1,0.81017,0.64888,12.44335,0.86883,1,0,0.00000,9,
0,NewMedia,3539,58.14040,538230568345,0.16452,0.19139,57.82819,0.31221,115,1,0.14954,0.13048,1,0.17708,0.35833,0,,0.45564,0.64140,11.03480,0.81293,1,0.80529,0.63960,12.89305,0.81667,1,0,0.00000,8,
0,NewMedia,3601,59.15891,538240753571,0.16194,0.14540,58.15665,1.00226,116,1,0.24255,0.12808,1,0.14948,0.10463,0,,0.47093,0.63395,11.67113,0.82042,1,0.82374,0.64352,15.21806,0.82416,1,0,0.00000,8,
0,NewMedia,3690,60.62103,538255374683,0.18387,0.19936,60.01313,0.60789,117,1,0.31720,0.25285,1,0.14948,0.10463,0,,0.48325,0.61385,11.21731,0.81667,1,0.83384,0.62130,12.72983,0.82042,1,0,0.00000,8,
0,NewMedia,3705,60.86758,538257840198,0.44291,0.33342,60.68676,0.18082,118,1,0.43999,0.18658,0,0.14948,0.10463,0,,0.48000,0.62369,7.21823,0.95816,0,0.86698,0.58306,10.40747,0.96320,0,534,0.00000,8,
0,NewMedia,3740,61.44227,538263587003,0.16661,0.17733,61.17945,0.26282,119,1,0.17172,0.20746,1,0.14948,0.10463,0,,0.45633,0.61936,11.87179,0.79794,1,0.80694,0.61072,13.05924,0.79794,1,0,0.00000,8,
0,NewMedia,3760,61.77106,538266875094,0.16259,0.17578,61.45904,0.31203,120,1,0.14321,0.16865,1,0.14948,0.10463,0,,0.45112,0.62068,11.48868,0.84779,1,0.80141,0.61182,12.53459,0.84405,1,0,0.00000,8,
0,NewMedia,3782,62.13232,538270487612,0.16403,0.18112,61.78754,0.34477,121,1,0.16589,0.20096,1,0.14948,0.10463,0,,0.45009,0.62218,11.44047,0.80918,1,0.80051,0.61398,12.72983,0.80918,1,0,0.00000,8,
0,NewMedia,3801,62.44468,538273611160,0.19133,0.19425,62.14874,0.29594,122,1,0.39005,0.35465,1,0.14948,0.10463,0,,0.46360,0.63188,12.65758,0.86940,1,0.81436,0.62637,13.97483,0.87315,1,0,0.00000,8,
0,NewMedia,3821,62.77305,538276894808,0.44584,0.37679,62.51035,0.26270,123,1,0.47723,0.40065,1,0.14948,0.10463,0,,0.46157,0.63298,13.02668,0.87099,1,0.81203,0.63033,13.48522,0.87099,1,0,0.00000,8,
0,NewMedia,3837,63.03597,538279524034,0.48275,0.49721,62.78950,0.24648,124,1,0.47208,0.68405,1,0.14948,0.10463,0,,0.46847,0.64351,12.68126,0.87819,1,0.81802,0.64232,13.47712,0.87819,1,0,0.00000,8,
0,NewMedia,3864,63.47979,538283962224,0.45053,0.69284,63.10178,0.37801,125,1,0.44505,0.65455,1,0.20365,0.20556,0,,0.47509,0.64525,11.79412,0.89044,1,0.82592,0.64802,12.76092,0.89044,1,0,0.00000,8,
0,NewMedia,3881,63.75884,538286752759,0.42173,0.25237,63.54523,0.21361,126,1,-0.22372,0.87648,1,0.23802,0.30926,0,,0.45655,0.65670,2.47235,0.86018,1,0.83626,0.63265,13.07869,0.85586,1,0,0.00000,8,
0,NewMedia,3911,64.25159,538291680346,0.58112,0.09871,63.82462,0.42697,127,1,0.61121,0.07064,1,0.30833,0.29630,0,,0.50518,0.62567,12.40457,0.88612,1,0.85518,0.63759,12.56893,0.88612,1,0,0.00000,8,
0,NewMedia,3934,64.62957,538295460034,0.61301,0.10275,64.26810,0.36147,128,1,0.60543,0.10460,1,0.32760,0.31389,0,,0.50001,0.63364,12.83483,0.87747,1,0.85161,0.64118,12.17487,0.87315,1,0,0.00000,8,
0,NewMedia,3986,65.48408,538304005180,0.47765,0.42254,65.04035,0.44373,129,1,0.51654,0.45391,1,0.32760,0.31389,0,,0.49094,0.65964,12.25536,0.87747,1,0.84506,0.66676,12.32661,0.88179,1,0,0.00000,9,
0,NewMedia,3991,65.56618,538304826250,0.52341,0.42731,65.50057,0.06561,130,1,0.59034,0.22938,1,0.32760,0.31389,0,,0.49684,0.65294,11.94526,0.86883,1,0.84978,0.65991,12.59112,0.86451,1,0,0.00000,9,
0,NewMedia,3995,65.63169,538305481353,0.65883,0.66462,65.58245,0.04924,131,1,0.59448,0.11337,1,0.32760,0.31389,0,,0.50021,0.64876,12.05010,0.84289,1,0.85202,0.65726,13.22462,0.84289,1,0,0.00000,9,
0,NewMedia,4048,66.50257,538314190087,0.60565,0.08866,65.69758,0.80499,132,1,0.54014,0.06472,1,0.32760,0.31389,0,,0.49249,0.63709,12.15763,0.89188,1,0.84343,0.64220,11.88471,0.89620,1,0,0.00000,9,
0,NewMedia,4099,67.34042,538322568582,0.55883,0.08387,66.51879,0.82162,133,1,0.62164,0.12216,1,0.32760,0.31389,0,,0.48645,0.60866,12.73536,0.86883,1,0.83440,0.60772,14.23902,0.86451,1,0,0.00000,9,
0,NewMedia,4128,67.81681,538327332440,0.72778,0.10223,67.45545,0.36136,134,1,0.61232,0.10716,1,0.32760,0.31389,0,,0.48871,0.60150,13.74510,0.86955,1,0.83529,0.59996,14.10675,0.86451,1,0,0.00000,9,
0,NewMedia,4176,68.60511,538335215468,0.54513,0.06464,67.88232,0.72279,135,1,0.54588,0.08764,1,0.54844,0.16296,0,,0.48858,0.61782,11.89686,0.86451,1,0.83688,0.61829,13.71543,0.86451,1,0,0.00000,8,
0,NewMedia,4221,69.34455,538342609905,0.53822,0.08669,68.62164,0.72292,136,1,0.53242,0.15111,1,0.55937,0.11759,0,,0.48391,0.63316,13.14706,0.89548,1,0.83191,0.63153,14.28253,0.89044,1,0,0.00000,8,
0,NewMedia,4268,70.11678,538350332248,0.53391,0.15451,69.36091,0.75587,137,1,0.53750,0.19820,1,0.55937,0.11852,0,,0.47978,0.63858,13.48422,0.87747,1,0.82885,0.63391,14.25179,0.87315,1,0,0.00000,8,
0,NewMedia,4307,70.75744,538356738689,0.54638,0.18583,70.13302,0.62442,138,1,0.53560,0.12562,1,0.56875,0.12037,0,,0.48178,0.63728,12.12357,0.90773,1,0.83050,0.63373,13.34257,0.90773,1,0,0.00000,8,
0,NewMedia,4338,71.26669,538361831264,0.54881,0.14044,70.77390,0.49278,139,1,0.55922,0.20584,1,0.57865,0.12037,0,,0.48388,0.63916,12.51885,0.88179,1,0.83324,0.63749,13.06815,0.88179,1,0,0.00000,8,
0,NewMedia,4375,71.87464,538367910856,0.54900,0.19733,71.28321,0.59143,140,1,0.56845,0.25536,1,0.57865,0.12130,0,,0.47883,0.64117,12.78048,0.87315,1,0.82876,0.63816,13.62741,0.87747,1,0,0.00000,8,
0,NewMedia,4402,72.31802,538372344548,0.54811,0.22922,71.89095,0.42706,141,1,0.57014,0.21648,1,0.57865,0.12130,0,,0.47396,0.64540,13.76858,0.87315,1,0.82372,0.63998,14.05027,0.87747,1,0,0.00000,8,
0,NewMedia,4439,72.92588,538378423152,0.55131,0.23324,72.33442,0.59146,142,1,0.53864,0.18051,1,0.55573,0.25000,0,,0.48073,0.64349,13.72222,0.93799,1,0.83063,0.63999,14.01628,0.93799,1,0,0.00000,8,
0,NewMedia,4463,73.32029,538382367342,0.55212,0.20628,72.94224,0.37805,143,1,0.55700,0.23734,1,0.55573,0.25000,0,,0.48377,0.64320,13.20064,0.86451,1,0.83362,0.64081,13.61471,0.86018,1,0,0.00000,8,
0,NewMedia,4538,74.55242,538394688629,0.56873,0.23305,73.33652,1.21590,144,1,0.61873,0.12518,1,0.55573,0.25000,0,,0.48065,0.65201,13.72993,0.85154,1,0.83124,0.64752,13.88034,0.85586,1,0,0.00000,8,
0,NewMedia,4585,75.32465,538402410946,0.60818,0.13688,74.56890,0.75575,145,1,0.59845,0.21994,1,0.62448,0.11759,1,,0.46657,0.65462,13.47880,0.85759,1,0.81716,0.64708,13.24169,0.86134,1,0,0.00000,7,
0,NewMedia,4667,76.67173,538415881745,0.60752,0.22126,75.34106,1.33067,146,1,0.59488,0.16382,1,0.55417,0.10556,0,,0.46707,0.65408,13.41658,0.87891,1,0.81660,0.64517,13.20675,0.87891,1,0,0.00000,7,
0,NewMedia,4701,77.23040,538421468451,0.59452,0.18472,76.68810,0.54230,147,1,0.55314,0.22853,1,0.55417,0.10556,0,,0.46774,0.65348,13.55479,0.86018,1,0.81745,0.64519,13.15988,0.86018,1,0,0.00000,7,
0,NewMedia,4746,77.96972,538428861502,0.55066,0.24291,77.24685,0.72287,148,1,0.55600,0.20540,1,0.54479,0.24815,0,,0.46397,0.65532,12.82389,0.92286,1,0.81356,0.64573,13.18207,0.92286,1,0,0.00000,7,
0,NewMedia,4826,79.28394,538442003755,0.55315,0.21887,77.98595,1.29799,149,1,0.55189,0.28719,1,0.54479,0.24815,0,,0.46416,0.65559,13.81181,0.86018,1,0.81492,0.64476,13.08328,0.85586,1,0,0.00000,5,
0,NewMedia,4851,79.69433,538446107729,0.18232,0.45346,79.39872,0.29561,150,1,0.15324,0.43380,1,0.54479,0.24630,0,,0.44724,0.66513,11.48812,0.88237,1,0.79714,0.65319,13.03274,0.88237,1,0,0.00000,5,
0,NewMedia,4883,80.22016,538451366020,0.16962,0.44773,79.71093,0.50923,151,1,0.22325,0.43366,1,0.43594,0.31667,0,,0.44982,0.66709,10.87306,0.86451,1,0.79979,0.65529,11.64942,0.86883,1,0,0.00000,5,
0,NewMedia,4905,80.58169,538454981269,0.19145,0.40580,80.23681,0.34488,152,1,0.14551,0.37067,1,0.43594,0.31667,0,,0.44368,0.66163,10.20851,0.84289,1,0.79524,0.65246,11.83865,0.84722,1,0,0.00000,5,
0,NewMedia,4951,81.33747,538462539148,0.16157,0.42466,80.59812,0.73935,153,1,0.26028,0.45557,1,0.34740,0.38333,0,,0.45168,0.66530,12.13063,0.85759,1,0.80229,0.65493,12.79756,0.86191,1,0,0.00000,5,
0,NewMedia,5004,82.20795,538471243906,0.29477,0.43349,81.35369,0.85426,154,1,0.29581,0.43354,1,0.30573,0.44722,0,,0.45709,0.67190,12.47145,0.86883,1,0.80898,0.66065,12.56101,0.86883,1,0,0.00000,5,
0,NewMedia,5077,83.40783,538483242677,0.30038,0.42579,82.47089,0.93694,155,1,0.24339,0.21290,1,0.30573,0.44722,0,,0.45806,0.65064,11.65042,0.88179,1,0.80810,0.63922,12.90075,0.88179,1,0,0.00000,6,
0,NewMedia,5099,83.76891,538486853528,0.21109,0.22288,83.47326,0.29565,156,1,0.15647,0.14710,1,0.30573,0.44722,0,,0.44669,0.64409,11.17579,0.85327,1,0.79613,0.63182,12.37116,0.85759,1,0,0.00000,6,
0,NewMedia,5133,84.32731,538492437480,0.16229,0.20723,83.78521,0.54210,157,1,0.14335,0.11027,1,0.13698,0.03148,0,,0.44571,0.64543,10.42497,0.83396,1,0.79455,0.63297,11.72885,0.83771,1,0,0.00000,6,
0,NewMedia,5203,85.47723,538503936637,0.16802,0.15750,84.34383,1.13339,158,1,0.31878,0.24571,1,0.15052,0.12037,0,,0.45069,0.63802,10.54900,0.82042,1,0.80238,0.63075,13.56985,0.82416,1,0,0.00000,6,
0,NewMedia,5222,85.78945,538507058917,0.46963,0.32226,85.54325,0.24620,159,1,0.42837,0.18686,0,0.15052,0.12037,0,,0.81370,0.63595,11.55618,0.89908,0,0.81411,0.63694,12.15864,0.90341,0,537,0.00000,6,
0,NewMedia,5275,86.66026,538515767001,0.47296,0.34377,86.44682,0.21344,160,1,0.49391,0.47378,1,0.15052,0.12037,0,,0.46067,0.62905,12.74742,0.88179,1,0.81181,0.61706,12.68168,0.88179,1,0,0.00000,7,
0,NewMedia,5296,87.00506,538519214954,0.50454,0.42398,86.67661,0.32845,161,1,0.50132,0.25025,1,0.15052,0.12037,0,,0.46406,0.62278,11.81244,0.86018,1,0.81441,0.61333,12.69544,0.86018,1,0,0.00000,7,
0,NewMedia,5313,87.28474,538522011725,0.53603,0.13581,87.07085,0.21388,162,1,0.54952,0.07116,1,0.15052,0.12037,0,,0.46169,0.61622,12.12828,0.86883,1,0.81252,0.60566,12.76496,0.86451,1,0,0.00000,7,
0,NewMedia,5338,87.69535,538526117876,0.57120,0.09182,87.30096,0.39439,163,1,0.61463,0.10381,1,0.15052,0.12037,0,,0.46999,0.61628,11.95001,0.85154,1,0.82002,0.60953,13.28970,0.85154,1,0,0.00000,7,
0,NewMedia,5361,88.07301,538529894464,0.65957,0.11742,87.71160,0.36140,164,1,0.67012,0.15367,1,0.15052,0.12037,0,,0.47465,0.61481,12.76943,0.84289,1,0.82601,0.60780,14.02366,0.84289,1,0,0.00000,7,
0,NewMedia,5382,88.41828,538533347171,0.51909,0.42169,88.13871,0.27957,165,1,0.51583,0.44811,1,0.15052,0.12037,0,,0.46372,0.61773,10.82063,0.88179,1,0.81595,0.60837,12.04149,0.87747,1,0,0.00000,7,
0,NewMedia,5414,88.94393,538538603674,0.50221,0.31696,88.73002,0.21391,166,1,-0.17719,0.72701,1,0.15052,0.12037,0,,0.43303,0.63443,12.32741,0.88612,1,0.81253,0.60597,15.00642,0.89044,1,0,0.00000,8,
0,NewMedia,5439,89.35470,538542711326,0.62422,0.12411,89.00948,0.34521,167,1,0.60850,0.09704,1,0.15052,0.12037,0,,0.46000,0.61458,12.60982,0.84895,1,0.81077,0.60493,13.43534,0.85327,1,0,0.00000,8,
0,NewMedia,5471,89.88013,538547965668,0.65556,0.11642,89.37084,0.50929,168,1,0.50750,0.22502,1,0.22917,0.14352,0,,0.45327,0.62068,13.21292,0.86451,1,0.80395,0.60989,14.04014,0.86883,1,0,0.00000,8,
0,NewMedia,5510,90.52084,538554372711,0.50709,0.25302,89.94613,0.57471,169,1,0.54308,0.20729,1,0.52292,0.36852,0,,0.46062,0.62088,12.21196,0.88612,1,0.81159,0.61186,12.29971,0.89044,1,0,0.00000,8,
0,NewMedia,5524,90.75092,538556673638,0.62098,0.17329,90.53736,0.21356,170,1,0.71651,0.08326,1,0.54115,0.37500,0,,0.46967,0.61893,12.39645,0.86883,1,0.82005,0.61139,12.78053,0.87315,1,0,0.00000,8,
0,NewMedia,5596,91.93385,538568502829,0.68161,0.11668,90.76722,1.16663,171,1,0.53830,0.22609,1,0.67760,0.11574,0,,0.46881,0.61423,13.08320,0.85586,1,0.81987,0.60485,14.19708,0.86018,1,0,0.00000,8,
0,NewMedia,5633,92.54168,538574581163,0.49162,0.34064,92.04862,0.49306,172,1,0.46333,0.58147,1,0.65000,0.41111,0,,0.45826,0.63693,11.73619,0.90773,1,0.80848,0.62515,12.85465,0.90773,1,0,0.00000,8,
0,NewMedia,5670,93.14965,538580660882,0.48815,0.64969,92.60723,0.54242,173,1,0.55460,0.51912,1,0.65000,0.41111,0,,0.45578,0.64318,11.15446,0.88179,1,0.80826,0.63024,11.81384,0.88612,1,0,0.00000,8,
0,NewMedia,5692,93.51069,538584271226,0.66868,0.09362,93.21564,0.29504,174,1,0.97843,-0.21191,1,0.65365,0.35648,0,,0.46536,0.63427,11.08148,0.88179,0,0.81914,0.61757,23.22175,0.87747,1,0,0.00000,8,
0,NewMedia,5732,94.16787,538590843033,0.68409,0.12120,93.87214,0.29573,175,1,0.86332,0.68702,1,0.66562,0.29259,0,,0.43305,0.60913,5.80400,0.88828,1,0.82949,0.62145,13.30468,0.88396,1,0,0.00000,9,
0,NewMedia,5806,95.38380,538603002269,0.66727,0.10441,94.52946,0.85434,176,1,0.68196,0.18831,1,0.67708,0.11574,0,,0.48614,0.62488,13.14476,0.86883,1,0.83667,0.62447,12.84202,0.86451,1,0,0.00000,10,
0,NewMedia,5824,95.67950,538605959283,0.66549,0.32331,95.44933,0.23016,177,1,0.67755,0.16141,1,0.67708,0.11574,0,,0.49563,0.62834,13.30689,0.89476,1,0.84642,0.63031,13.10235,0.89044,1,0,0.00000,10,
0,NewMedia,5890,96.76376,538616801870,0.67961,0.17354,95.74514,1.01862,178,1,0.70810,0.15278,1,0.67813,0.13426,0,,0.50228,0.62524,13.15957,0.84462,1,0.85223,0.62943,13.07627,0.84895,1,0,0.00000,10,
0,NewMedia,5907,97.04284,538619592759,0.68603,0.16695,96.78024,0.26260,179,1,0.66840,0.23843,1,0.67813,0.14630,0,,0.49938,0.62840,13.57517,0.85586,1,0.84925,0.63312,13.92114,0.85586,1,0,0.00000,10,
0,NewMedia,5959,97.89725,538628136963,0.67693,0.26041,97.05930,0.83795,180,1,0.68676,0.28921,1,0.66719,0.26296,0,,0.49554,0.63254,13.38644,0.88179,1,0.84589,0.63586,14.15709,0.88612,1,0,0.00000,10,
0,NewMedia,5978,98.20972,538631261673,0.68337,0.27978,97.91373,0.29599,181,1,0.66638,0.34100,1,0.66302,0.28148,0,,0.49476,0.63286,13.58849,0.84289,1,0.84552,0.63578,13.76660,0.84289,1,0,0.00000,10,
0,NewMedia,6004,98.63644,538635528802,0.68826,0.28771,98.22590,0.41054,182,1,0.68023,0.28525,1,0.66198,0.28796,0,,0.49024,0.63472,13.39030,0.87747,1,0.84127,0.63815,13.71413,0.87315,1,0,0.00000,10,
0,NewMedia,6051,99.40882,538643252528,0.66328,0.29914,99.04749,0.36133,183,1,0.54996,0.29007,1,0.66198,0.28796,0,,0.49155,0.63291,13.82141,0.89476,1,0.84448,0.64542,15.04134,0.89476,1,0,0.00000,11,
0,NewMedia,6068,99.68789,538646043313,0.21964,0.32701,99.47457,0.21332,184,1,0.17560,0.37918,1,0.66198,0.28796,0,,0.47261,0.63848,11.53400,0.85586,1,0.82394,0.64355,13.07660,0.85586,1,0,0.00000,11,
0,NewMedia,6101,100.23006,538651465060,0.16725,0.37089,99.70441,0.52565,185,1,0.16550,0.39235,1,0.66198,0.28796,0,,0.45927,0.64788,10.83662,0.82906,1,0.80974,0.64170,12.19598,0.82906,1,0,0.00000,11,
0,NewMedia,6136,100.80509,538657215365,0.17651,0.40056,100.24645,0.55864,186,1,0.17553,0.42722,1,0.43906,0.29907,0,,0.43805,0.66005,10.50582,0.86883,1,0.78832,0.64147,12.42926,0.86883,1,0,0.00000,11,
0,NewMedia,6178,101.49519,538664116276,0.15513,0.45490,100.82151,0.67368,187,1,0.15130,0.50302,1,0.20365,0.41111,0,,0.42041,0.67498,12.07863,0.83540,1,0.77087,0.64337,12.63291,0.83540,1,0,0.00000,11,
0,NewMedia,6204,101.92237,538668388057,0.19530,0.48216,101.51226,0.41011,188,1,0.23135,0.49641,1,0.18177,0.46389,0,,0.42810,0.66553,12.50225,0.87315,1,0.77848,0.63386,13.60042,0.87747,1,0,0.00000,11,
0,NewMedia,6221,102.20158,538671180209,0.17419,0.46076,101.93864,0.26294,189,1,0.14566,0.41944,1,0.17500,0.49815,0,,0.43008,0.66555,11.72738,0.85586,1,0.78069,0.63641,13.50594,0.85586,1,0,0.00000,11,
0,NewMedia,6250,102.67780,538675942366,0.15852,0.42566,102.21799,0.45981,190,1,0.16543,0.36828,1,0.16615,0.50278,0,,0.43000,0.66275,11.75663,0.85586,1,0.78029,0.63472,13.05836,0.85586,1,0,0.00000,11,
0,NewMedia,6303,103.54858,538684650097,0.19669,0.38375,102.69437,0.85420,191,1,0.19142,0.38994,1,0.15521,0.49167,0,,0.43463,0.65938,13.58983,0.85212,1,0.78492,0.63496,14.02730,0.85212,1,0,0.00000,10,
0,NewMedia,6472,106.32522,538712416580,0.16966,0.42906,104.20565,2.11957,192,1,0.15583,0.39227,1,0.15833,0.42407,0,,0.45688,0.64494,11.86955,0.86883,1,0.80721,0.63036,13.77821,0.86883,1,0,0.00000,11,
0,NewMedia,6513,106.99888,538719153211,0.16492,0.42112,106.34155,0.65733,193,1,0.20761,0.44052,1,0.15833,0.42407,0,,0.44481,0.65429,12.02677,0.84289,1,0.79507,0.63195,12.67083,0.84289,1,0,0.00000,10,
0,NewMedia,6517,107.06454,538719809672,0.21851,0.45271,107.01522,0.04932,194,1,0.28561,0.43837,1,0.15833,0.42407,0,,0.44615,0.65640,12.06101,0.84289,1,0.79757,0.63406,14.10505,0.84289,1,0,0.00000,10,
0,NewMedia,6560,107.77076,538726871940,0.67962,0.35260,107.17971,0.59105,195,1,0.36112,0.35097,1,0.15833,0.42407,0,,0.47422,0.65017,10.45054,0.84289,1,0.82346,0.64505,12.95140,0.84289,1,0,0.00000,10,
0,NewMedia,6600,108.42793,538733443639,0.16894,0.35308,107.83663,0.59129,196,1,0.19568,0.31425,1,0.15833,0.42407,0,,0.45888,0.66355,10.42901,0.85212,1,0.81004,0.64827,12.41996,0.86018,1,0,0.00000,10,
0,NewMedia,6636,109.01936,538739357930,0.18959,0.37531,108.44425,0.57510,197,1,0.21828,0.39006,1,0.15833,0.42407,0,,0.44915,0.66464,11.83771,0.87315,1,0.79919,0.64059,12.60850,0.87747,1,0,0.00000,10,
0,NewMedia,6664,109.47938,538743958218,0.20503,0.40208,109.03590,0.44348,198,1,0.14287,0.38788,1,0.15833,0.42407,0,,0.45110,0.66242,11.67424,0.85010,1,0.80147,0.64227,12.77387,0.85384,1,0,0.00000,10,
0,NewMedia,6682,109.77497,538746914057,0.16208,0.40656,109.49586,0.27911,199,1,0.14987,0.29116,1,0.16615,0.29259,0,,0.44594,0.65466,11.31756,0.80601,1,0.79604,0.63476,13.62617,0.81408,1,0,0.00000,10,
0,NewMedia,6702,110.10355,538750199943,0.13712,0.18633,109.84078,0.26277,200,1,0.14124,0.14631,1,0.14063,0.24722,0,,0.44193,0.64817,11.07839,0.81667,1,0.79094,0.62469,12.59975,0.81667,1,0,0.00000,10,
0,NewMedia,6755,110.97417,538758906121,0.14458,0.15919,110.11991,0.85426,201,1,0.12800,0.10633,1,0.14635,0.11389,0,,0.45756,0.64012,10.89864,0.84837,1,0.80859,0.62271,12.20319,0.85212,1,0,0.00000,10,
0,NewMedia,6768,111.18787,538761043086,0.18813,0.26933,110.99076,0.19711,202,1,0.57695,0.21426,1,0.14635,0.11389,0,,0.47555,0.64756,11.94213,0.86940,1,0.82735,0.63050,13.04690,0.87747,1,0,0.00000,10,
0,NewMedia,6788,111.51640,538764328292,0.52303,0.28545,111.25355,0.26285,203,1,0.49067,0.35712,1,0.14635,0.11389,0,,0.47392,0.65477,12.14913,0.85154,1,0.82588,0.63879,13.07893,0.85154,1,0,0.00000,10,
0,NewMedia,6805,111.79592,538767123553,0.49075,0.38525,111.53281,0.26311,204,1,0.49177,0.54617,1,0.14635,0.11389,0,,0.47460,0.66001,11.58217,0.88396,1,0.82659,0.64601,12.62772,0.88828,1,0,0.00000,10,
0,NewMedia,6823,112.09145,538770078940,0.47478,0.60665,111.86152,0.22993,205,1,0.45228,0.63628,1,0.14635,0.11389,0,,0.47271,0.66469,12.13571,0.89692,1,0.82517,0.65035,12.56127,0.88756,1,0,0.00000,10,
0,NewMedia,6836,112.30500,538772214349,0.49921,0.49730,112.10801,0.19699,206,1,0.58216,0.21069,1,0.14635,0.11389,0,,0.47726,0.63697,12.44289,0.84289,1,0.82766,0.62462,12.42755,0.84289,1,0,0.00000,10,
0,NewMedia,6857,112.65008,538775665167,0.55662,0.21999,112.37086,0.27922,207,1,0.37979,0.35754,1,0.14635,0.11389,0,,0.47068,0.62582,10.82389,0.70823,1,0.82054,0.61480,13.22047,0.70823,1,0,0.00000,10,
0,NewMedia,6865,112.78236,538776988014,0.35949,0.70118,112.71584,0.06651,208,1,0.32692,0.63234,1,0.14635,0.11389,0,,0.46298,0.62188,11.64516,0.87070,1,0.81162,0.60866,12.86965,0.88007,1,0,0.00000,10,
0,NewMedia,6887,113.14288,538780593119,0.12199,0.08088,112.84705,0.29582,209,1,0.08788,0.05462,1,0.14635,0.11389,0,,0.45313,0.61793,10.43028,0.90773,1,0.80097,0.60381,12.42494,0.90773,1,0,0.00000,10,
0,NewMedia,6900,113.35638,538782728106,0.28943,0.22484,113.15919,0.19719,210,1,0.39867,0.31393,1,0.14635,0.11389,0,,0.47930,0.61228,10.33394,0.85586,1,0.82897,0.60844,11.64349,0.85586,1,0,0.00000,10,
0,NewMedia,6930,113.84933,538787657638,0.49588,0.42726,113.47172,0.37761,211,1,0.50099,0.48314,1,0.14635,0.11389,0,,0.49290,0.60347,10.85086,0.86018,1,0.84456,0.60645,11.84397,0.85586,1,0,0.00000,10,
0,NewMedia,6968,114.47352,538793899522,0.53588,0.30741,114.25993,0.21359,212,1,0.60440,0.12407,1,0.14635,0.11389,0,,0.49313,0.59769,12.94164,0.86451,1,0.84403,0.59439,13.28761,0.86883,1,0,0.00000,11,
0,NewMedia,6984,114.73655,538796529842,0.57346,0.14326,114.48989,0.24666,213,1,0.54944,0.08874,1,0.14635,0.11389,0,,0.48843,0.59876,12.63971,0.87747,1,0.83974,0.59461,12.81830,0.87747,1,0,0.00000,11,
0,NewMedia,7006,115.09789,538800143275,0.59340,0.11186,114.75291,0.34499,214,1,0.60549,0.13495,1,0.14635,0.11389,0,,0.48684,0.59897,11.55127,0.84289,1,0.83815,0.59358,12.22016,0.84289,1,0,0.00000,11,
0,NewMedia,7035,115.57421,538804906469,0.59609,0.11171,115.11422,0.45999,215,1,0.53288,0.13428,1,0.40104,0.15463,0,,0.48866,0.60353,12.09701,0.85399,1,0.84080,0.59817,13.96720,0.84088,1,0,0.00000,11,
0,NewMedia,7064,116.05102,538809674568,0.54284,0.11384,115.59077,0.46025,216,1,0.54787,0.04731,1,0.53906,0.20278,0,,0.48438,0.61227,12.31630,0.89044,1,0.83650,0.60597,12.98336,0.89476,1,0,0.00000,11,
0,NewMedia,7068,116.11643,538810328693,0.54211,0.06356,116.06718,0.04926,217,1,0.53867,0.06581,1,0.54635,0.21481,0,,0.48527,0.61228,12.96450,0.89476,1,0.83646,0.60688,13.42372,0.89044,1,0,0.00000,11,
0,NewMedia,7110,116.80657,538817230099,0.47478,0.33005,116.52703,0.27954,218,1,0.52464,0.33408,1,0.53646,0.27778,0,,0.48318,0.62096,11.82894,0.84030,1,0.83476,0.61636,13.06207,0.84030,1,0,0.00000,12,
0,NewMedia,7127,117.08575,538820021807,0.52570,0.36339,116.82282,0.26292,219,1,0.52843,0.47680,1,0.53646,0.27778,0,,0.48822,0.62826,11.26492,0.88612,1,0.84041,0.62458,11.72831,0.88179,1,0,0.00000,12,
0,NewMedia,7149,117.44714,538823635732,0.51796,0.54423,117.15141,0.29573,220,1,0.51378,0.58193,1,0.53646,0.27778,0,,0.49109,0.62785,10.81649,0.85212,1,0.84431,0.62720,12.13294,0.85212,1,0,0.00000,12,
0,NewMedia,7167,117.74299,538826594279,0.51601,0.57204,117.46365,0.27934,221,1,0.49356,0.54897,1,0.53646,0.27778,0,,0.48963,0.62788,10.33924,0.86883,1,0.84240,0.62554,11.87577,0.86883,1,0,0.00000,12,
0,NewMedia,7216,118.54804,538834644852,0.51795,0.26661,118.10435,0.44370,222,1,0.57724,0.08259,1,0.53646,0.27778,0,,0.48122,0.61701,11.69945,0.86451,1,0.83225,0.61084,11.44000,0.86018,1,0,0.00000,13,
0,NewMedia,7248,119.07352,538839899645,0.57223,0.06389,118.61366,0.45987,223,1,0.62643,0.07186,1,0.54167,0.25926,0,,0.49272,0.61345,11.90146,0.87747,1,0.84400,0.61505,13.31638,0.87315,1,0,0.00000,13,
0,NewMedia,7307,120.04288,538849593225,0.66612,0.06078,119.08996,0.95293,224,1,0.61196,0.12266,1,0.59896,0.20278,0,,0.49091,0.61996,13.26720,0.84289,1,0.84245,0.61860,13.36322,0.84289,1,0,0.00000,12,
0,NewMedia,7341,120.60163,538855180751,0.61846,0.05815,120.05929,0.54234,225,1,0.68541,0.06594,1,0.63698,0.17407,0,,0.49671,0.62306,13.62598,0.88612,1,0.84868,0.62240,14.25661,0.88612,1,0,0.00000,12,
0,NewMedia,7373,121.12707,538860435074,0.66282,0.11041,120.61781,0.50926,226,1,0.66069,0.14625,1,0.67240,0.11296,0,,0.49930,0.62304,13.73473,0.83540,1,0.85118,0.62367,14.33529,0.83166,1,0,0.00000,11,
0,NewMedia,7406,121.66944,538865858824,0.67657,0.13094,121.14359,0.52585,227,1,0.72056,0.12893,1,0.67188,0.11389,0,,0.49908,0.62551,13.55022,0.84405,1,0.85051,0.62785,13.69202,0.84030,1,0,0.00000,11,
0,NewMedia,7450,122.39213,538873085612,0.68155,0.17009,121.68568,0.70645,228,1,0.68015,0.09625,1,0.67188,0.11389,0,,0.50266,0.62474,12.71995,0.90125,1,0.85336,0.62815,13.01402,0.90125,1,0,0.00000,11,
0,NewMedia,7481,122.90147,538878178985,0.68940,0.16097,122.40847,0.49300,229,1,0.66681,0.22096,1,0.67292,0.12963,0,,0.50678,0.62685,12.10136,0.85154,1,0.85790,0.63021,12.52184,0.85154,1,0,0.00000,11,
0,NewMedia,7519,123.52573,538884421707,0.66821,0.19904,122.91821,0.60753,230,1,0.66989,0.23017,1,0.66927,0.15926,0,,0.50910,0.62877,13.42402,0.86883,1,0.85992,0.63522,13.33913,0.86883,1,0,0.00000,11,
0,NewMedia,7542,123.90350,538888199394,0.67692,0.18444,123.64057,0.26292,231,1,0.65958,0.25290,1,0.66250,0.21759,0,,0.50766,0.62967,13.78959,0.84088,1,0.85968,0.63505,14.08894,0.84520,1,0,0.00000,11,
0,NewMedia,7594,124.75790,538896743390,0.67080,0.22867,123.91999,0.83791,232,1,0.49346,0.28469,1,0.66198,0.22037,0,,0.48924,0.63357,13.48429,0.89260,1,0.84160,0.63349,14.89860,0.88324,1,0,0.00000,11,
0,NewMedia,7612,125.05364,538899700819,0.24803,0.37544,124.82346,0.23018,233,1,0.15277,0.39698,1,0.66198,0.22037,0,,0.47007,0.64291,11.47489,0.85586,1,0.82253,0.63776,12.86972,0.85586,1,0,0.00000,10,
0,NewMedia,7627,125.30027,538902167013,0.16956,0.44220,125.07008,0.23019,234,1,0.20006,0.55275,1,0.66198,0.22037,0,,0.46659,0.64851,10.25015,0.73356,1,0.81838,0.64203,11.77171,0.73356,1,0,0.00000,10,
0,NewMedia,7642,125.54665,538904630967,0.16050,0.45217,125.31623,0.23042,235,1,0.15690,0.42142,1,0.37760,0.28148,0,,0.46661,0.64631,8.91985,0.85586,1,0.82014,0.64220,11.06126,0.85586,1,0,0.00000,10,
0,NewMedia,7664,125.90792,538908243597,0.17689,0.45514,125.56269,0.34523,236,1,0.20807,0.43560,1,0.33646,0.30185,0,,0.46910,0.65119,9.85026,0.83281,1,0.82154,0.64400,11.80654,0.83655,1,0,0.00000,10,
0,NewMedia,7683,126.21986,538911362888,0.18718,0.48515,125.92434,0.29552,237,1,0.11104,0.57171,1,0.24427,0.35556,0,,0.46482,0.64993,8.80554,0.86191,1,0.81902,0.64484,11.18887,0.86191,1,0,0.00000,10,
0,NewMedia,7714,126.72947,538916459020,0.15304,0.38919,126.23631,0.49316,238,1,0.13609,0.12398,1,0.16771,0.41574,0,,0.45036,0.64931,10.42175,0.84837,1,0.80272,0.63524,11.88595,0.84837,1,0,0.00000,10,
0,NewMedia,7742,127.18929,538921057299,0.17038,0.16567,126.79496,0.39433,239,1,0.19875,0.25055,1,0.22448,0.20741,0,,0.45678,0.64792,11.17397,0.81293,1,0.80785,0.63333,12.03846,0.81667,1,0,0.00000,10,
0,NewMedia,7779,127.79697,538927134137,0.16773,0.21341,127.20568,0.59129,240,1,0.18080,0.20079,1,0.17760,0.19815,0,,0.45729,0.64985,10.87556,0.83022,1,0.80981,0.63944,11.70147,0.83022,1,0,0.00000,10,
0,NewMedia,7800,128.14200,538930584343,0.18345,0.20606,127.81347,0.32852,241,1,0.15099,0.18499,1,0.20729,0.19074,0,,0.45632,0.64759,10.48202,0.80976,1,0.80694,0.63250,12.29244,0.81350,1,0,0.00000,10,
0,NewMedia,7829,128.61859,538935350199,0.17005,0.18130,128.15878,0.45981,242,1,0.22686,0.17254,1,0.20990,0.16667,0,,0.46121,0.64860,11.02897,0.83713,1,0.81404,0.63816,12.32927,0.83713,1,0,0.00000,10,
0,NewMedia,7846,128.89798,538938144114,0.18253,0.23807,128.63498,0.26299,243,1,0.14749,0.27139,1,0.26979,0.21667,0,,0.45874,0.65435,11.80162,0.82416,1,0.81063,0.63953,13.32678,0.82416,1,0,0.00000,10,
0,NewMedia,7884,129.52206,538944385138,0.16353,0.25603,128.91434,0.60774,244,1,0.17930,0.21604,1,0.14740,0.25370,0,,0.45601,0.65313,11.03327,0.85442,1,0.80857,0.63990,12.69470,0.86249,1,0,0.00000,10,
0,NewMedia,7940,130.44220,538953586425,0.24995,0.25293,129.53848,0.90372,245,1,0.23506,0.31777,1,0.24062,0.29444,0,,0.45948,0.64695,11.11755,0.84030,1,0.80999,0.63225,13.30727,0.84030,1,0,0.00000,10,
0,NewMedia,8017,131.70706,538966234924,0.21489,0.27496,130.45865,1.24841,246,1,0.19979,0.20972,1,0.19896,0.25833,0,,0.45674,0.64948,12.12246,0.87315,1,0.80760,0.62968,13.50730,0.87747,1,0,0.00000,10,
0,NewMedia,8061,132.43002,538973464745,0.20823,0.25352,131.72336,0.70668,247,1,0.21506,0.30246,1,0.19896,0.25833,0,,0.46129,0.64635,12.34424,0.83223,1,0.81238,0.63198,13.58334,0.83223,1,0,0.00000,10,
0,NewMedia,8076,132.67624,538975926711,0.19020,0.21973,132.44650,0.22974,248,1,0.19528,0.19552,1,0.19896,0.25833,0,,0.45984,0.63927,11.79546,0.80918,1,0.81051,0.63137,13.50313,0.80918,1,0,0.00000,10,
0,NewMedia,8122,133.43192,538983483604,0.16058,0.18781,132.69275,0.73917,249,1,0.16008,0.14174,1,0.19896,0.25833,0,,0.46262,0.64033,11.17124,0.82849,1,0.81318,0.63193,12.45540,0.83655,1,0,0.00000,10,
0,NewMedia,8160,134.05634,538989727620,0.15068,0.13820,133.44852,0.60780,250,1,0.16841,0.18490,1,0.14115,0.09630,0,,0.46896,0.64100,11.40127,0.80918,1,0.81991,0.63482,12.30848,0.80918,1,0,0.00000,10,
0,NewMedia,8184,134.45056,538993670005,0.16761,0.16237,134.07272,0.37784,251,1,0.18032,0.18159,1,0.13490,0.10370,0,,0.46918,0.63982,11.69577,0.79618,1,0.82047,0.63504,12.48952,0.80425,1,0,0.00000,10,
0,NewMedia,8208,134.84479,538997612282,0.52094,0.30162,134.56546,0.27933,252,1,0.52139,0.46631,1,0.13490,0.10370,0,,0.48505,0.65189,11.31322,0.89044,1,0.83649,0.64614,11.54265,0.89044,1,0,0.00000,10,
0,NewMedia,8224,135.10791,539000243528,0.42379,0.52322,134.91064,0.19727,253,1,-0.54457,0.39350,1,0.13490,0.10370,0,,0.46035,0.65330,19.35702,0.89044,1,0.84160,0.64737,10.06984,0.88612,1,0,0.00000,10,
0,NewMedia,8253,135.58438,539005008050,0.43131,0.42414,135.37061,0.21378,254,1,-0.22671,0.85865,1,0.13490,0.10370,0,,0.49729,0.65138,12.01508,0.87315,1,0.84926,0.64982,13.21280,0.86940,1,0,0.00000,11,
0,NewMedia,8260,135.69925,539006156930,0.52500,1.01045,135.64993,0.04932,255,1,1.20740,1.04374,1,0.13490,0.10370,0,,0.54385,0.65933,11.10731,0.73761,1,0.89749,0.67609,13.20061,0.72337,1,0,0.00000,11,
0,NewMedia,8273,135.91275,539008291960,0.55366,1.12635,135.86362,0.04915,256,1,0.70434,1.37793,1,0.13490,0.10370,0,,0.60477,0.66516,7.52350,0.38068,1,0.97076,0.72172,9.92067,0.38068,1,0,0.00000,11,
0,NewMedia,8286,136.12643,539010428816,0.50840,1.14327,136.02802,0.09843,257,1,0.47118,0.96372,1,0.13490,0.10370,0,,0.66303,0.67242,11.37885,2.60746,1,0.99411,0.73613,9.09134,2.77875,0,0,0.00000,11,
0,NewMedia,8356,137.27643,539021928552,0.49457,0.47182,137.07904,0.19737,258,1,-0.33189,0.06445,0,0.13490,0.10370,0,,0.50622,0.64039,24.92995,0.85586,0,0.88141,0.65978,13.92643,0.85586,0,0,0.00000,12,
0,NewMedia,8417,138.27856,539031949968,0.75771,0.61093,137.53915,0.73940,259,1,0.76516,0.71340,1,0.13490,0.10370,0,,0.53855,0.64517,13.25686,0.87315,1,0.88645,0.67055,13.59109,0.87315,1,0,0.00000,12,
0,NewMedia,8438,138.62332,539035397692,0.71872,0.69387,138.29504,0.32829,260,1,0.54682,0.48208,1,0.27969,0.52315,0,,0.56729,0.61570,12.96827,0.87315,1,0.91479,0.65010,13.87599,0.87747,1,0,0.00000,12,
0,NewMedia,8451,138.83722,539037536700,-0.11599,1.04478,138.78751,0.04971,261,1,-0.44559,1.33117,1,0.25885,0.69722,0,,0.61782,0.58585,13.16498,0.87099,1,0.96755,0.63236,14.64004,0.87099,1,0,0.00000,12,
0,NewMedia,8481,139.32990,539042463213,0.16038,0.90385,139.09988,0.23000,262,1,-0.12970,2.23446,0,0.18750,0.72407,0,,0.66607,0.59579,10.38901,0.90658,1,0.81142,0.63015,8.52167,0.91594,0,0,0.00000,12,
0,NewMedia,8526,140.06909,539049855206,0.46495,0.67417,139.83957,0.22951,263,1,0.48476,0.70888,1,0.71250,0.94352,0,,0.51253,0.63108,11.46537,0.87315,1,0.86932,0.60113,12.62001,0.86940,1,0,0.00000,13,
0,NewMedia,8553,140.51254,539054289800,0.69954,0.84421,140.13501,0.37753,264,1,0.68117,0.93505,1,0.67292,0.97500,0,,0.56783,0.63480,12.32557,0.84462,1,0.92379,0.63353,12.14449,0.84462,1,0,0.00000,13,
0,NewMedia,8579,140.93988,539058563043,0.71619,0.96263,140.52899,0.41087,265,1,0.93860,1.08901,1,0.66979,0.98056,0,,0.55561,0.62391,12.34230,0.85154,1,0.92302,0.63492,21.38946,0.85154,1,0,0.00000,13,
0,NewMedia,8609,141.43271,539063491375,0.52374,0.50093,141.00540,0.42729,266,1,0.62082,0.48165,1,0.54375,0.43889,0,,0.56560,0.59537,12.36961,0.84289,1,0.91994,0.60323,13.04394,0.84289,1,0,0.00000,13,
0,NewMedia,8636,141.87643,539067928575,0.60986,0.49080,141.44922,0.42720,267,1,0.61344,0.54923,1,0.47344,0.32315,0,,0.56091,0.58691,13.46136,0.82042,1,0.91685,0.60159,14.23498,0.82042,1,0,0.00000,13,
0,NewMedia,8650,142.10635,539070228007,0.55220,0.44230,141.89258,0.21379,268,1,0.00458,-0.24810,0,0.38698,0.25926,0,,0.53852,0.58088,18.03646,0.85932,0,0.92181,0.58472,27.85641,0.86739,0,549,0.00000,13,
0,NewMedia,8686,142.69821,539076146438,0.29377,-0.40990,142.61551,0.08269,269,1,0.47385,0.22518,1,0.46927,0.21204,1,,0.54387,0.57776,13.22118,0.83511,1,0.89943,0.58966,14.58677,0.83511,1,0,0.00000,13,